-- MySQL dump 10.13  Distrib 5.5.53, for Win32 (AMD64)
--
-- Host: localhost    Database: chiqing
-- ------------------------------------------------------
-- Server version	5.5.53

/*!40101 SET @OLD_CHARACTER_SET_CLIENT=@@CHARACTER_SET_CLIENT */;
/*!40101 SET @OLD_CHARACTER_SET_RESULTS=@@CHARACTER_SET_RESULTS */;
/*!40101 SET @OLD_COLLATION_CONNECTION=@@COLLATION_CONNECTION */;
/*!40101 SET NAMES utf8 */;
/*!40103 SET @OLD_TIME_ZONE=@@TIME_ZONE */;
/*!40103 SET TIME_ZONE='+00:00' */;
/*!40014 SET @OLD_UNIQUE_CHECKS=@@UNIQUE_CHECKS, UNIQUE_CHECKS=0 */;
/*!40014 SET @OLD_FOREIGN_KEY_CHECKS=@@FOREIGN_KEY_CHECKS, FOREIGN_KEY_CHECKS=0 */;
/*!40101 SET @OLD_SQL_MODE=@@SQL_MODE, SQL_MODE='NO_AUTO_VALUE_ON_ZERO' */;
/*!40111 SET @OLD_SQL_NOTES=@@SQL_NOTES, SQL_NOTES=0 */;

--
-- Table structure for table `article`
--

DROP TABLE IF EXISTS `article`;
/*!40101 SET @saved_cs_client     = @@character_set_client */;
/*!40101 SET character_set_client = utf8 */;
CREATE TABLE `article` (
  `id` int(10) NOT NULL AUTO_INCREMENT COMMENT '文章ID',
  `cid` smallint(5) NOT NULL COMMENT '栏目id',
  `title` varchar(100) NOT NULL COMMENT '标题',
  `duction` varchar(255) NOT NULL COMMENT '简介',
  `thumb` varchar(255) DEFAULT '' COMMENT '缩略图',
  `content` text COMMENT '内容',
  `keywords` varchar(255) DEFAULT NULL COMMENT '关键词',
  `author` varchar(20) NOT NULL COMMENT '作者',
  `tag` tinyint(1) DEFAULT '0' COMMENT '来源 0 原创 1 转载',
  `istop` tinyint(1) DEFAULT '0' COMMENT '置顶 0 no 1 yes',
  `isshow` tinyint(1) NOT NULL COMMENT '0 显示 1 不显示',
  `time` varchar(10) NOT NULL COMMENT '创建时间',
  `number` int(15) NOT NULL COMMENT '点击量',
  `feedback` int(11) NOT NULL COMMENT '评论量',
  `ip` varchar(50) NOT NULL COMMENT '发布者ip',
  PRIMARY KEY (`id`)
) ENGINE=MyISAM AUTO_INCREMENT=57 DEFAULT CHARSET=utf8;
/*!40101 SET character_set_client = @saved_cs_client */;

--
-- Dumping data for table `article`
--

LOCK TABLES `article` WRITE;
/*!40000 ALTER TABLE `article` DISABLE KEYS */;
INSERT INTO `article` VALUES (56,17,'git常用命令','git 常用命令','/uploads/20180405\\5ae8490096ce8ca733bda139661d337f.jpg','<pre class=\"brush:as3;toolbar:false\">git&nbsp;remote&nbsp;-v	#查看当前项目clone地址\r\n\r\ngit&nbsp;add&nbsp;.	#项目添加到暂存区\r\n\r\ngit&nbsp;add&nbsp;x&nbsp;x	#&nbsp;x为文件，多个文件1空格隔开\r\n\r\ngit&nbsp;commit&nbsp;-m&#39;x&#39;	#提交说明(注释)\r\n\r\ngit&nbsp;push&nbsp;origin&nbsp;master	#提交到仓库\r\n\r\ngit&nbsp;ls-files		#查看缓存区文件\r\n\r\ngit&nbsp;rm&nbsp;-r&nbsp;--cached&nbsp;&#39;文件路径&#39;&nbsp;	#删除缓存中文件\r\n\r\ngit&nbsp;rm&nbsp;--f&nbsp;			#删除物理/缓存文件，且文件不会回到垃圾桶.注意：工作之前\r\n\r\ngit&nbsp;pull		#从远程服务器拉取最近版本并合并到本地\r\n\r\ngit&nbsp;clone		#从服务器克隆到本地\r\n\r\ngit&nbsp;status&nbsp;&nbsp;&nbsp;&nbsp;&nbsp;&nbsp;#展示状态信息\r\n\r\ngit&nbsp;branch&nbsp;xx&nbsp;&nbsp;&nbsp;&nbsp;&nbsp;&nbsp;&nbsp;&nbsp;#创建&nbsp;xx&nbsp;分支\r\n\r\ngit&nbsp;checkout&nbsp;xx&nbsp;&nbsp;&nbsp;&nbsp;&nbsp;&nbsp;&nbsp;&nbsp;#切换&nbsp;xx&nbsp;分支\r\n\r\ngit&nbsp;checkout&nbsp;-b&nbsp;xx&nbsp;&nbsp;&nbsp;&nbsp;&nbsp;&nbsp;&nbsp;&nbsp;#相当于上面两条，创建并切换到&nbsp;xx　分支</pre><p><br/></p>','git,命令','清蝎',0,0,0,'1517153486',510,0,'127.0.0.1'),(55,11,'有个厉害的的“程序员”老婆是什么感受？','其实小编觉得有个厉害的程序员老婆一定会是一件非常酷炫的事，如果太厉害了，也不怕。有个机智的网友已经给出了一个解决问题的方法：“没事，怀孕生娃立刻记忆力和脑速就慢了。就等这个机会吧。”对于这个，小编是真的服气。','/uploads/20180405\\eea2d9f5a816f2143281652af79d8600.jpg','<p>　　<span style=\"color: rgb(51, 51, 51); font-family: \">为什么不写个有个程序员老婆是啥感觉呢？小编觉得这个话题非常有意思，今天小编分享给大家的是“有个厉害的程序员老婆（女朋友）是什么体验？”。带大家了解一下如果自己的自己的老婆是个程序员大牛的会有什么苦笑不得的事情发生。</span></p><p><span style=\"color: rgb(51, 51, 51); font-family: \"><img src=\"/uploads/20180129/1517209817647671.gif\"/></span></p><p><br/></p><p style=\"box-sizing: inherit; color: rgb(51, 51, 51); font-family: \"><strong style=\"box-sizing: inherit;\">程序员甲：</strong></p><p style=\"box-sizing: inherit; color: rgb(51, 51, 51); font-family: \">　　现在的媳妇以前是在网络安全圈混的。。。有次我在公司跟前女友聊天，结果前女友越聊越入戏，然后我果断删除聊天记录，格式化全部硬盘。。然后回家后直接被天蝎座的媳妇堵在门外嘶吼质问。。后来才知道我笔记本被装了木马。。我每次聊天时她就在看现场直播。。。我杀了一遍又一遍，至今没查到是什么病毒木马。。。我估计一会我又要被发现提起以前的事了。。。匿名有用么我擦。。。。。嘤嘤嘤。。</p><p style=\"box-sizing: inherit; color: rgb(51, 51, 51); font-family: \"><br/></p><p style=\"box-sizing: inherit; color: rgb(51, 51, 51); font-family: \"><span style=\"color: rgb(51, 51, 51); font-family: \">网友：</span></p><p style=\"box-sizing: inherit; color: rgb(51, 51, 51); font-family: \"><img src=\"/uploads/20180129/1517209903900612.gif\"/></p><p><span style=\"color: rgb(51, 51, 51); font-family: \"><strong style=\"box-sizing: inherit; color: rgb(51, 51, 51); font-family: \">程序员乙：</strong></span><br/></p><p><span style=\"color: rgb(51, 51, 51); font-family: \"><strong style=\"box-sizing: inherit; color: rgb(51, 51, 51); font-family: \"><img src=\"/uploads/20180129/1517210102624089.gif\"/></strong></span></p><p><span style=\"color: rgb(51, 51, 51); font-family: \"><strong style=\"box-sizing: inherit; color: rgb(51, 51, 51); font-family: \"></strong></span></p><p style=\"box-sizing: inherit; color: rgb(51, 51, 51); font-family: \">网友：</p><p style=\"box-sizing: inherit; color: rgb(51, 51, 51); font-family: \">0：还要匿名，好辛苦</p><p style=\"box-sizing: inherit; color: rgb(51, 51, 51); font-family: \">1：试着和女票一起看啊。</p><p style=\"box-sizing: inherit; color: rgb(51, 51, 51); font-family: \">2：心疼……</p><p><span style=\"color: rgb(51, 51, 51); font-family: \"><strong style=\"box-sizing: inherit; color: rgb(51, 51, 51); font-family: \"><img src=\"/uploads/20180129/1517210151927808.gif\"/></strong></span><br/></p><p><span style=\"color: rgb(51, 51, 51); font-family: \"><strong style=\"box-sizing: inherit; color: rgb(51, 51, 51); font-family: \"><strong style=\"box-sizing: inherit; color: rgb(51, 51, 51); font-family: \">程序员丙：</strong></strong></span></p><p><br/></p><p style=\"box-sizing: inherit; color: rgb(51, 51, 51); font-family: \">　　她大一的时候系统还是我帮装的，后来她就莫名其妙的钻研起电脑来，到她大二破了我邮箱密码的时候我心里一万匹草泥马跑过…话说那时候我俩还没有谈恋爱，后来觉得这妹子干什么都有一股认真劲儿，就开始动不动把电脑弄坏让她帮忙修……后来，在帮我修了多次电脑，教会了我CDR之后，我俩就在一起了。其实每次看她调出一堆我看不懂的什么代码认真的戴着眼镜排查系统文件的时候，我在旁边总觉得，哇，好美…</p><p style=\"box-sizing: inherit; color: rgb(51, 51, 51); font-family: \">　　日常解决的那些问题也不太好说，主要我也不太专业搞不明白，两件事情印象比较深刻，1.她教会了我不要所有的密码都用一样的，而且据她讲密码和姿势一样，复杂没有用，关键是要够长。2.有天加班在办公室的电脑上和同事QQ聊天，略有暧昧，然后电脑就黑屏了…短信响起，她发来“挺骚啊…”。艹后面这件事情总感觉有点儿1984的感觉。</p><p style=\"box-sizing: inherit; color: rgb(51, 51, 51); font-family: \">　　其实还是挺幸福的一件事情，妹子逻辑能力和动手能力强，经常带着我一起动手解决问题…比如说给家里刮大白修水龙头贴瓷砖…常常会想以后有小Baby了会和他讲这样一个故事：从前，你妈妈是个拯救世界的女hero,你爸负责挖掘女hero的原力然后到处宣扬她的光辉事迹、做家务和做饭…</p><p style=\"box-sizing: inherit; color: rgb(51, 51, 51); font-family: \"><strong style=\"box-sizing: inherit;\">程序媛丁：</strong></p><p style=\"box-sizing: inherit; color: rgb(51, 51, 51); font-family: \">　　好想邀请我老公来答……但是他不玩知乎……反正他的SIS，1024什么的都是我帮他找地址。蓝屏什么的基本上也是我排查……他的小视屏没有我找不到的……前几天他的iphone，我还帮他换了电池、静音键排线、电源键排线……</p><p style=\"box-sizing: inherit; color: rgb(51, 51, 51); font-family: \"><strong style=\"box-sizing: inherit; color: rgb(51, 51, 51); font-family: \">程序员戊：</strong></p><p style=\"box-sizing: inherit; color: rgb(51, 51, 51); font-family: \"><strong style=\"box-sizing: inherit; color: rgb(51, 51, 51); font-family: \"><img src=\"http://codebay.cn/wp-content/uploads/2018/01/image.php_-10.gif\"/></strong></p><p style=\"box-sizing: inherit; color: rgb(51, 51, 51); font-family: \"><strong style=\"box-sizing: inherit; color: rgb(51, 51, 51); font-family: \"><img src=\"/uploads/20180129/1517210240718200.gif\"/></strong></p><p style=\"box-sizing: inherit; color: rgb(51, 51, 51); font-family: \"><strong>ps:</strong></p><p style=\"box-sizing: inherit; color: rgb(51, 51, 51); font-family: \">　　<span style=\"color: rgb(51, 51, 51); font-family: \">其实小编觉得有个厉害的程序员老婆一定会是一件非常酷炫的事，如果太厉害了，也不怕。有个机智的网友已经给出了一个解决问题的方法：“没事，怀孕生娃立刻记忆力和脑速就慢了。就等这个机会吧。”对于这个，小编是真的服气。</span></p><p><span style=\"color: rgb(51, 51, 51); font-family: \"><strong style=\"box-sizing: inherit; color: rgb(51, 51, 51); font-family: \"><strong style=\"box-sizing: inherit; color: rgb(51, 51, 51); font-family: \"><br/></strong></strong></span><br/></p>','程序员,大牛','网络',1,0,0,'1517210700',501,0,'127.0.0.1'),(54,9,'网站推荐系统“猜你喜欢”是怎么猜中你心思的？','　　现在人们上网购物都习惯了系统给出的“猜你(还会)喜欢”，有时候它好像比你自己都还要了解你。推荐系统究竟是怎样“猜”中你心思的呢?','/uploads/20180405\\3724e2956d77cdd76566599aab87598a.jpg','<p style=\"border: 0px; margin-top: 0px; margin-bottom: 20px; padding: 0px; font-size: 15px; color: rgb(46, 46, 46); font-family: \">英文原文：<a href=\"http://spectrum.ieee.org/computing/software/deconstructing-recommender-systems\" style=\"border: 0px; margin: 0px; padding: 0px; text-decoration-line: none; color: rgb(0, 153, 204);\">Deconstructing Recommender Systems</a>，编译：<a href=\"http://www.guokr.com/article/382553/\" style=\"border: 0px; margin: 0px; padding: 0px; text-decoration-line: none; color: rgb(0, 153, 204);\">ccyou@guokr</a></p><p style=\"border: 0px; margin-top: 0px; margin-bottom: 20px; padding: 0px; font-size: 15px; color: rgb(46, 46, 46); font-family: \">如今，到网上购物的人已经习惯了收到系统为他们做出的个性化推荐。Netflix 会推荐你可能会喜欢看的视频。TiVo 会自动把节目录下来，如果你感兴趣就可以看。Pandora 会通过预测我们想要听什么歌曲从而生成个性化的音乐流。</p><p style=\"border: 0px; margin-top: 0px; margin-bottom: 20px; padding: 0px; font-size: 15px; color: rgb(46, 46, 46); font-family: \">所有这些推荐结果都来自于各式各样的推荐系统。它们依靠计算机算法运行，根据顾客的浏览、搜索、下单和喜好，为顾客选择他们可能会喜欢、有可能会购买的商品，从而为消费者服务。推荐系统的设计初衷是帮助在线零售商提高销售额，现在这是一块儿规模巨大且不断增长的业务。与此同时，推荐系统的开发也已经从上世纪 90 年代中期只有几十个人研究，发展到了今天拥有数百名研究人员，分别供职于各高校、大型在线零售商和数十家专注于这类系统的其他企业。</p><p style=\"border: 0px; margin-top: 0px; margin-bottom: 20px; padding: 0px; font-size: 15px; color: rgb(46, 46, 46); font-family: \">这些年来，推荐系统有了相当的进展。开始时它们还相对较为粗糙，往往对行为做出不准确的预测；但随着更多的和不同类型的网站用户数据变得可用，推荐系统得以将创新算法应用于这些数据之上，它们迅速得到了改善。今天，推荐系统都是些极其复杂和精专的系统，常常看起来比你自己还要了解你。同时，推荐系统正在向零售网站以外的领域拓展：大学用它们来引导学生选课，移动电话公司靠它们来预测哪些用户有可能转投另一家供应商，会议主办方也测试过用它们来分配论文给审稿专家。</p><p style=\"border: 0px; margin-top: 0px; margin-bottom: 20px; padding: 0px; font-size: 15px; color: rgb(46, 46, 46); font-family: \"><a href=\"http://jbcdn2.b0.upaiyun.com/2012/11/angd2e.jpg\" style=\"border: 0px; margin: 0px; padding: 0px; text-decoration-line: none; color: rgb(0, 153, 204);\"><img class=\"aligncenter size-full wp-image-30649\" title=\"解构推荐系统：“猜你喜欢”是怎么猜中你的心思\" alt=\"解构推荐系统：“猜你喜欢”是怎么猜中你的心思\" src=\"/uploads/20180207/1517986127.jpg\" width=\"260\" height=\"196\"/></a></p><p style=\"border: 0px; margin-top: 0px; margin-bottom: 20px; padding: 0px; font-size: 15px; color: rgb(46, 46, 46); font-family: \">我们两人从推荐系统的早期开始便一直在开发和研究它们，最初是以学术研究者的身份，参与 GroupLens 计划（GroupLens Project）。1992 年起，GroupLens 通过对美国兴趣论坛网站 Usenet 讨论区里的消息进行排序，将用户指向他们可能会感兴趣、但自己尚未发现的话题线索。几年以后，我们成立了 Net Perceptions，这是一家推荐算法公司，在互联网第一次热潮期间（1997 年 – 2000 年），一直处于业界领先地位。有鉴于此，虽然这些公司极少公开谈论他们的推荐系统是如何运作的，我们的经验使我们能够深入了解亚马逊和其他在线零售商幕后的情景。（在本文中，我们的分析是在观察和推理的基础上得出的，不包含任何内部消息）。</p><p style=\"border: 0px; margin-top: 0px; margin-bottom: 20px; padding: 0px; font-size: 15px; color: rgb(46, 46, 46); font-family: \">下面就是我们所看到的。</p><p style=\"border: 0px; margin-top: 0px; margin-bottom: 20px; padding: 0px; font-size: 15px; color: rgb(46, 46, 46); font-family: \"><strong style=\"border: 0px; margin: 0px; padding: 0px;\">推荐算法是怎么“猜你喜欢”的？</strong></p><p><a href=\"http://jbcdn2.b0.upaiyun.com/2012/11/ez6tvy.jpg\" style=\"border: 0px; margin: 0px; padding: 0px; text-decoration-line: none; color: rgb(0, 153, 204);\"><img class=\"aligncenter  wp-image-30650\" title=\"解构推荐系统：“猜你喜欢”是怎么猜中你的心思\" alt=\"解构推荐系统：“猜你喜欢”是怎么猜中你的心思\" src=\"/uploads/20180207/1517986129.jpg\" width=\"540\" height=\"236\"/></a><br/>来源：recommenderapi.com</p><p style=\"border: 0px; margin-top: 0px; margin-bottom: 20px; padding: 0px;\">你有没有想过自己在亚马逊眼中是什么样子？答案是：你是一个很大、很大的表格里一串很长的数字。这串数字描述了你所看过的每一样东西，你点击的每一个链接以及你在亚马逊网站上买的每一件商品；表格里的其余部分则代表了其他数百万到亚马逊购物的人。你每次登陆网站，你的数字就会发生改变；在此期间，你在网站上每动一下，这个数字就会跟着改变。这个信息又会反过来影响你在访问的每个页面上会看到什么，还有你会从亚马逊公司收到什么邮件和优惠信息。</p><p style=\"border: 0px; margin-top: 0px; margin-bottom: 20px; padding: 0px;\">许多年来，推荐系统的开发者试过用各种各样的方法来采集和解析所有这些数据。最近这段时间，多数人都选择使用被称为个性化协同推荐（Personalized Collaborative Recommender）的算法。这也是亚马逊、Netflix、Facebook 的好友推荐，以及一家英国流行音乐网站 Last.fm 的核心算法。说它 “个性化”，是因为这种算法会追踪用户的每一个行为（如浏览过的页面、订单记录和商品评分），以此进行推荐；它们可不是瞎猫碰上死耗子——全凭运气。说它 “协同”，则是因为这种算法会根据许多其他的顾客也购买了这些商品或者对其显示出好感，而将两样物品视为彼此关联，它不是通过分析商品特征或者关键词来进行判断的。</p><p style=\"border: 0px; margin-top: 0px; margin-bottom: 20px; padding: 0px;\">不同类型的个性化协同推荐系统最晚从 1992 年开始便已经出现。除了 GroupLens 计划，另一项早期的推荐系统是 MIT 的 Ringo，它会根据用户的音乐播放列表从而给用户推荐其他他们有可能会喜欢的音乐。</p><p style=\"border: 0px; margin-top: 0px; margin-bottom: 20px; padding: 0px;\"><strong style=\"border: 0px; margin: 0px; padding: 0px;\">User-User 算法：计算用户之间的相似度</strong></p><p style=\"border: 0px; margin-top: 0px; margin-bottom: 20px; padding: 0px;\">GroupLens 和 Ringo 都使用了一种简单的协同算法，被称为 “用户关联”（user-user）的算法。这种类型的算法会计算一对用户之间的 “距离”，根据的是他们对同一物品打分的相似程度。举例来说，如果吉姆和简都给《电子世界争霸战》（Tron）这部电影打了 5 分，那么他们之间的距离就是 0。如果吉姆给它的续集《创：战纪》（Tron: Legacy ）这部电影打了 5 分，而简只打了 3 分，那么他们之间的距离就变大了。按照这样的计算得出来品味相对 “靠近” 的用户，我们把他们称之为共有一个 “邻集”（neighborhood）。</p><p style=\"border: 0px; margin-top: 0px; margin-bottom: 20px; padding: 0px;\">但是，这种用户关联的策略效果并不是很好。首先，形成有意义的邻集很难：很多用户两两之间只有很少几个共同评分，有的就完全没有；而仅有的那几个都打了分的项目呢，往往是票房大片，基本上人人都喜欢的那种。再来，由于用户之间的距离可以变得很快，算法必须当场就进行大部分的计算；而这可能会比一个在网站上这儿点点那儿戳戳的人下一个动作发出之前需要更久的时间。</p><p style=\"border: 0px; margin-top: 0px; margin-bottom: 20px; padding: 0px;\"><strong style=\"border: 0px; margin: 0px; padding: 0px;\">Item-Item 算法：计算物品之间的关联</strong></p><p style=\"border: 0px; margin-top: 0px; margin-bottom: 20px; padding: 0px;\">因此，大部分的推荐系统如今都依靠一种“物-物关联”（item-item）的算法，这种算法计算的是两本书、两部电影或者两个其他什么东西之间的距离，依据的是给它们打过分的用户的相似度。喜欢 Tom Clancy 书的人很可能会给 Clive Cussler 的作品打高分，因此 Clancy 和 Cussler 的书就共处一个邻集。一对物品之间的距离可能是根据成百上千万的用户的评分计算得出，在一段时间里往往保持相对稳定，因此推荐系统可以预先计算距离，并更快的生成推荐结果。亚马逊和 Netflix 都曾公开表示过他们使用的是物-物关联算法的变种，但对细节都绝口不提。</p><p style=\"border: 0px; margin-top: 0px; margin-bottom: 20px; padding: 0px;\">用户关联算法和物-物关联算法都有的一个问题，是用户评分的不一致性。当给他们机会再评一次分时，用户往往会对同一件物品给出不同的得分。品味在变、心情在变，印象也在变。MIT 在上世纪 90 年代进行的一项研究表明，在最初打分一年以后，用户的评分会发生平均 1 分（满分 7 分）的变动。研究人员们也在一直在尝试不同的方法在模型中纳入这一变量；比如说，如果用户给某个商品了打一个分，但这个评分与推荐算法所了解的关于这个人和这个商品的所有其他信息不相符，有的推荐算法就会邀请用户再次对这个商品进行评价。</p><p style=\"border: 0px; margin-top: 0px; margin-bottom: 20px; padding: 0px;\"><strong style=\"border: 0px; margin: 0px; padding: 0px;\">降维算法：把事物特征一般化</strong></p><p style=\"border: 0px; margin-top: 0px; margin-bottom: 20px; padding: 0px;\">不过，用户关联算法和物-物关联算法还存在一个比一致性更大的问题：它们太死了。就是说，它们能发现都喜欢同一样东西的人，但却忽略了爱好非常相似的潜在用户组合。比如说你喜欢莫奈的睡莲。那么，在这个法国印象派大师画的 250 幅睡莲中，你最喜欢哪一幅？在一群喜欢莫奈的人当中，完全可能每个人喜欢的睡莲都不相同，而基本的算法就有可能识别不出这些人都有着共同的爱好。</p><p style=\"border: 0px; margin-top: 0px; margin-bottom: 20px; padding: 0px;\">大约十年前，研究者们想出了一个办法，通过一个叫降维（Dimensionality Reduction）的过程，把事物更一般化的表现出来。这种方法在计算量上比用户关联和物-物关联算法要密集得多，因此也就没有那么快的得到采用。但随着计算机变更快更便宜，降维算法也逐步取得了一些进展。</p><p style=\"border: 0px; margin-top: 0px; margin-bottom: 20px; padding: 0px;\">为了弄清降维算法是怎么工作的，我们来看看你爱吃的东西，以及如何把它跟其他一百万人爱吃的东西做比较。你可以把这些信息用一个巨型矩阵表示出来，每一条竖线代表一样食物，每个人爱吃什么东西就自然形成了一行。在你的这一行上面或许会显示你给了烤牛排 5 颗星、红烧小排 4 星半、烤鸡翅 2 颗星、冻豆腐卷 1 颗星、奶酪烤蘑菇 5 颗星、盐水毛豆 4 颗星，等等。</p><p style=\"border: 0px; margin-top: 0px; margin-bottom: 20px; padding: 0px;\">然而，使用这个矩阵的推荐算法并不关心你给哪种食物评了多少颗星。它想要了解的是你一般而言的喜好，这样它可以将这个信息应用到更丰富多样的食物上。比如说，基于你上面给出的信息，算法可能会认为你喜欢牛肉、咸的东西和烤制菜品，不喜欢鸡肉和任何油炸的东西，不喜欢也不讨厌蔬菜，依此类推。你爱吃的食物所拥有的特点或者说维度，它的数量和符合你要求的食物的数量比起来要小得多——至多可能 50 或 100。通过查对这些维度，推荐算法可以迅速决定你是否会喜欢一种新的食物（比方说盐焗排骨），方法就是把这种食物的各项维度（咸的、牛肉做的、不是鸡肉、不是炒的、不是蔬菜、不是烤的）同你的资料进行比对。这种更为一般性的呈现使得推荐算法能准确的发现有着相似但不同喜好的用户。而且，它大幅压缩了矩阵的规模，使算法变得更加高效。</p><p style=\"border: 0px; margin-top: 0px; margin-bottom: 20px; padding: 0px;\">这是一个很酷的解决方案。不过，你爱吃的食物的维度该上哪儿去找呢？肯定不是去问厨师。推荐系统会使用一种称为奇异值分解的数学方法来计算维度。这种方法涉及到把最初的一个巨型矩阵分解为两个 “口味矩阵”——其中一个包含了所有的用户和 100 项口味维度，另一个则包含了所有的食物和 100 项口味维度——再加上第三个矩阵，当乘以前面两个矩阵中的任意一个时，会得到最初的那个矩阵（※此处已更改）。</p><p style=\"border: 0px; margin-top: 0px; margin-bottom: 20px; padding: 0px;\">不像上面例子中说的那样，计算用的维度既不是描述性的，也一点儿都不直观；它们是纯抽象的值。这并没有什么，只要这些值最终生成准确的推荐结果就行了。这种方法的主要缺点是，创建矩阵所需要的时间会随着客户和产品数量的增多而飞速增长——创建一个拥有 2.5 亿名客户和 1000 万种产品的矩阵，需要花上创建一个 25 万名客户和 1 万种产品的矩阵 10 亿倍那么多的时间。而且这一过程还需要经常重复。一旦收到新的评分，矩阵就已经过时；在像亚马逊这样的公司，每一秒钟都会收到新的评论。幸运的是，就算略微过时，矩阵仍然能以一个挺不错的水平运作。研究人员们也已经在设计新的算法，为奇异值分解提供可用的近似值并显著缩短计算时间。</p><p style=\"border: 0px; margin-top: 0px; margin-bottom: 20px; padding: 0px;\">&nbsp;</p><p style=\"border: 0px; margin-top: 0px; margin-bottom: 20px; padding: 0px;\">&nbsp;讲完了推荐算法是如何“猜你喜欢”的&nbsp;，现在，你对于每回上网购物时在线零售商是如何打量你，并努力把你的喜好和其他人的相匹配有了一个基本的概念。</p><p style=\"border: 0px; margin-top: 0px; margin-bottom: 20px; padding: 0px;\">推荐系统还有另外两大特点，也对你最终看到的推荐结果有着显著的影响：第一，在弄清楚你和其他购物者的相似度有多高之前，推荐系统必须先弄明白你真正喜欢什么；第二，推荐系统依照一组商业规则运行，以确保推荐结果既让你觉得有用，也使商家有利可图。</p><p style=\"border: 0px; margin-top: 0px; margin-bottom: 20px; padding: 0px;\"><strong style=\"border: 0px; margin: 0px; padding: 0px;\">推荐算法是如何赢得你的信任，又让商家有钱可赚的？</strong></p><p style=\"border: 0px; margin-top: 0px; margin-bottom: 20px; padding: 0px;\"><strong style=\"border: 0px; margin: 0px; padding: 0px;\">采集你的上网数据</strong></p><p style=\"border: 0px; margin-top: 0px; margin-bottom: 20px; padding: 0px;\">举个例子，来看亚马逊的艺术品商店，上次我们去看的时候那里有 900 多万册印刷品和海报在降价促销。亚马逊的艺术品商店有这样几个方法来评估你的喜好。它会让你在 1 到 5 颗星的等级上给某一件艺术作品打分，它也会记录下你把哪些画点击放大了来看、哪些画你反反复复看了好多次，你把哪些放进了心愿单，还有你最终实际下单买了什么。它还会追踪在你浏览过的每一个页面上都显示了哪些画作。在线零售商会使用你在其网站行进的路径（你浏览过的页面和点击商品的链接） 来向你推荐相关联的商品。此外，它还把你的购买记录和打分信息结合起来，建立一个你长期购买偏好的档案。</p><p style=\"border: 0px; margin-top: 0px; margin-bottom: 20px; padding: 0px;\">像亚马逊这样的公司会收集大量此类有关客户的数据。在你登录期间，你在它网站上的几乎每一个动作都会被记下来，留作将来使用。多亏有了浏览器 cookie，连匿名购物者的上网记录商家也能维持，最终这些数据将在匿名购物者创建账户或者登陆时，链接到顾客的个人资料。这种爆炸式的数据采集并非为在线商家所独有，沃尔玛便以其对现金收据数据的深入挖掘而著称于业界。但是，网上商店处在一个更有利的位置去查看和记录，不止是消费者买了些什么，还包括你曾考虑过、浏览过和决定不买哪些商品。在全世界大部分地区，所有这类活动都是任人监视和记录的；只有在欧洲，数据隐私法在一定程度上限制了这种操作。</p><p style=\"border: 0px; margin-top: 0px; margin-bottom: 20px; padding: 0px;\">当然，不论法律如何，顾客发现自己的数据被人滥用后，都会产生强烈的抵触情绪。早在 2000 年 9 月，亚马逊吃过一次苦头：有一部分顾客发现他们收到的报价更高，因为网站将他们识别为老顾客，而不是匿名进入或是从某个比价网站转接进来的顾客。亚马逊声称这只是一项随机的价格测试，其呈现出来的结果与老顾客身份之间的关联纯属巧合。话是这样说，它还是叫停了这项操作。</p><p style=\"border: 0px; margin-top: 0px; margin-bottom: 20px; padding: 0px;\"><strong style=\"border: 0px; margin: 0px; padding: 0px;\">在商业规则下运行</strong></p><p style=\"border: 0px; margin-top: 0px; margin-bottom: 20px; padding: 0px;\">加在推荐算法之上的种种商业规则，旨在防止算法给出愚蠢的推荐，并帮助在线零售商在不失去你信任的前提下实现营业额的最大化。最起码，推荐系统应该避免人们说的超市悖论（Supermarket Paradox）。例如，差不多每个去超市的人都喜欢吃香蕉，也经常会买一些。那么，推荐系统该不该向每一位顾客都推荐香蕉呢？答案是否定的——这样做既帮不上顾客，也提高不了香蕉的销量。所以，智能的超市推荐系统始终会包括有一条规则，明确地将香蕉排除在推荐结果之外。</p><p style=\"border: 0px; margin-top: 0px; margin-bottom: 20px; padding: 0px;\">这个例子可能听起来没什么，但在我们早期经手的一个项目中，我们的推荐系统就曾经向几乎每一个到访我们网站的人推荐披头士的《白色专辑》（White Album）。从统计学的意义上讲，这是个很棒的推荐：顾客此前都没有从这个电子商务网点购买过这张专辑，而大多数顾客对《白色专辑》的评价都很高。尽管如此，这个推荐仍然是无效的——任何一个对《白色专辑》感兴趣的人都已经有了一张了。</p><p style=\"border: 0px; margin-top: 0px; margin-bottom: 20px; padding: 0px;\">当然，大部分的推荐规则都是更加微妙的。比如说，当约翰在 9 月份在 Netflix 索动作影片时，结果中不会出现《复仇者联盟》（The Avengers），因为这部大片在当时还没有租借版，这样的推荐结果不会让 Netflix 有钱赚。因此，约翰被导向了《钢铁侠 2》（Iron Man 2），这部片已经可以用流媒体播放了。</p><p style=\"border: 0px; margin-top: 0px; margin-bottom: 20px; padding: 0px;\">其他的规则还包括禁止推荐为招徕顾客而亏本销售的商品（loss leader）；反过来，鼓励推荐滞销品。在经营Net Perceptions期间，我们就曾与一位客户合作，他利用推荐系统来识别库存积压商品的潜在客户，取得了相当大的成功。</p><p style=\"border: 0px; margin-top: 0px; margin-bottom: 20px; padding: 0px;\"><strong style=\"border: 0px; margin: 0px; padding: 0px;\">赢取你的信任</strong></p><p style=\"border: 0px; margin-top: 0px; margin-bottom: 20px; padding: 0px;\">然而，这种事情很快就会变得棘手起来。一个只会推销高利润商品的推荐算法是不会赢得顾客的信任的。这就像是去餐馆，那儿的服务生极力向你推荐某道鱼一样。这个鱼真的是他觉得最好吃的吗？还是大厨催着底下的人赶在鱼变质前把它给卖出去？</p><p style=\"border: 0px; margin-top: 0px; margin-bottom: 20px; padding: 0px;\">为了建立信任感，更复杂的推荐算法会尽力保持一定的透明度，让顾客对系统为什么会向自己推荐这件商品有一个大致的概念，并且在不喜欢收到的推荐结果时，可以更改他们的个人资料。比如说，你可以删除你在亚马逊上买来送礼的购物记录；毕竟，那些东西反映的不是你个人的喜好。你还可以知道系统为什么会向你推荐某些产品。当亚马逊为约翰挑选了 Jonathan Franzen 的小说《自由》之后，约翰点击标签上的链接“为什么推荐给我？”。随即显示出一份简要的说明，原来是他放在心愿单里的几本书触发了这一推荐。不过，由于他还没有读过心愿单上的那几本书，约翰就不去管《自由》这个推荐结果了。像这样的解释说明会让用户明白推荐结果是否有用。</p><p style=\"border: 0px; margin-top: 0px; margin-bottom: 20px; padding: 0px;\">但是，完善个人资料和解释推荐结果往往不足以保证系统不出错。最近，亚马逊用高清大屏幕电视机（HDTV）的促销电子邮件对乔进行了轰炸——每周 3 封，连续扔了一个月。除了给乔寄了过多的电子邮件，这家零售商还没有意识到，乔已经用他妻子的账户买了一台电视机。此外，这些电子邮件并没有提供一种很明显的方法，让乔可以说“谢谢，但我不感兴趣”。最终，乔取消了他在亚马逊的一些邮件订阅；他并不在意收不到各种信息，而且他有了更多的时间来真的看他的电视。</p><p style=\"border: 0px; margin-top: 0px; margin-bottom: 20px; padding: 0px;\"><strong style=\"border: 0px; margin: 0px; padding: 0px;\">推荐算法的作用究竟有多大？</strong></p><p><a href=\"http://jbcdn2.b0.upaiyun.com/2012/11/dsifh8.jpg\" style=\"border: 0px; margin: 0px; padding: 0px; text-decoration-line: none; color: rgb(0, 153, 204);\"><img class=\"aligncenter  wp-image-30651\" title=\"解构推荐系统：“猜你喜欢”是怎么猜中你的心思\" alt=\"解构推荐系统：“猜你喜欢”是怎么猜中你的心思\" src=\"/uploads/20180207/1517986130.jpg\" width=\"540\" height=\"248\"/></a><br/>alumni.berkeley.edu</p><p style=\"border: 0px; margin-top: 0px; margin-bottom: 20px; padding: 0px;\">那好，推荐算法究竟起了多大作用呢？它们当然一直都在增加在线销售额；据阿伦森集团（Aaronson Group）的分析师杰克•阿伦森（Jack Aaronson）估计，由于推荐算法带动销售额的增长，对推荐算法的投资能获得 10%-30% 的收益。而且，它们还只是刚刚起步。现在，对我们这些研究推荐系统的人来说，最大的挑战在于弄清楚如何去判断新的方法和算法才最好。这可不像基准化分析微处理器那么简单，因为不同的推荐系统有着非常不同的目标。</p><p style=\"border: 0px; margin-top: 0px; margin-bottom: 20px; padding: 0px;\">评价一个算法最简单的方法，是看它的预测和用户的实际评价之间差异有多大。举例来说，假如约翰给青春浪漫小说《暮光之城》（Twilight ）一颗星，亚马逊或许会注意到算法根据其他相似用户的评价曾预计约翰会给两颗星，也即出现了一颗星的偏差。但是，卖家更加关心算法在用户评价高的商品上出的错，因为好评多的物品是顾客更有可能购买的；约翰反正也不会买《暮光之城》。所以，把这个评价计入考虑对理解推荐算法起了多大作用没什么帮助。</p><p style=\"border: 0px; margin-top: 0px; margin-bottom: 20px; padding: 0px;\">另一个常见方法是看算法给出的推荐结果和顾客实际购买的商品，之间匹配度有多高。不过，这种方法也可能起到误导作用，因为这样分析会将用户自己设法找到的商品错误地算在推荐算法的头上，而用户自己找得到东西恰恰是最不应该被推荐的！鉴于这些方法的缺点，研究人员一直在研究新的评判指标，不只看精度，也会关注像发现意外惊喜和多样性等其他属性。</p><p style=\"border: 0px; margin-top: 0px; margin-bottom: 20px; padding: 0px;\">发现意外惊喜（Serendipity）会加权不寻常的推荐结果，尤其是那些对某一个用户极具价值，但对其他同类用户而言没什么用的推荐结果。调整为发现意外惊喜的算法会注意到《白色相簿》似乎是一个对几乎每个人来说都不错的推荐，因此会改为寻找一个不太常见的选择——也许是 Joan Armatrading 的《爱和情感》。这个不那么热门的推荐结果不太可能击中目标，但一旦它遇上了，则将给用户带来一个大得多的惊喜。</p><p style=\"border: 0px; margin-top: 0px; margin-bottom: 20px; padding: 0px;\">看推荐结果的多样性同样也很能说明问题。比方说，一个超爱看 Dick Francis 神秘类小说的用户，在看到推荐表单里全都是 Dick Francis 的作品时，仍有可能会感到失望。一个真正多样化的推荐表单会包括不同作者和不同类型的书，还有电影、游戏和其他的产品。</p><p style=\"border: 0px; margin-top: 0px; margin-bottom: 20px; padding: 0px;\">推荐系统研究则需要突破各种各样的阻碍，远不止是在现有的系统上进行微调。研究者们眼下正在考虑的是，推荐算法应该在怎样一个程度上帮助用户发掘一个网站的内容集合中他们未曾了解的部分。比方说，把买书的人送去亚马逊的服装部门，而不是给一些安全的、顾客更有可能接受的推荐结果。在零售世界之外，推荐算法可以帮助人们接触到新的想法；就算我们不同意其中的一些，但整体作用大概会是积极的，因为这将有助于减少社会的巴尔干化（Balkanization，即碎片化）。推荐算法能不能做到这一点，还要不让人感到厌烦或者不信任，仍需拭目以待。</p><p style=\"border: 0px; margin-top: 0px; margin-bottom: 20px; padding: 0px;\">但有一点是明确的：推荐系统只会变得越来越好，收集越来越多关于你的数据，并在别的、意想不到的地方展示出来。如果你喜欢这篇文章，亚马逊会很乐意向你推荐其他所有你可能会喜欢的关于推荐系统的书。</p>','猜你喜欢,物联网','网络',1,1,0,'1517986181',503,0,'127.0.0.1'),(53,16,'MySQL索引类型一览 让MySQL高效运行起来','索引是快速搜索的关键。MySQL索引的建立对于MySQL的高效运行是很重要的。下面介绍几种常见的MySQL索引类型。在数据库表中，对字段建立索引可以大大提高查询速度。假如我们创建了一个 mytable表：CREATE TABLE mytable(   ID INT NOT NULL,    username VARCHAR(16) NOT NULL  );   我们随机向里面插入了10000条记录，其中有一条：5555, admin。在查找username=\"admin\"的记录 SELECT * FROM','/uploads/20180407\\e9bc6c33147b8079844f40abf781ca93.jpg','<p><span class=\"top11\"></span></p><p>索引是快速搜索的关键。MySQL索引的建立对于MySQL的高效运行是很重要的。下面介绍几种常见的MySQL索引类型。</p><p>在数据库表中，对字段建立索引可以大大提高查询速度。假如我们创建了一个 mytable表：</p><pre class=\"brush:as3;toolbar:false\">CREATE&nbsp;TABLE&nbsp;mytable(ID&nbsp;INT&nbsp;NOT&nbsp;NULL,username&nbsp;VARCHAR(16)&nbsp;NOT&nbsp;NULL);</pre><p>我们随机向里面插入了10000条记录，其中有一条：5555, admin。</p><p>在查找username=&quot;admin&quot;的记录 SELECT * FROM mytable WHERE username=&#39;admin&#39;;时，如果在username上已经建立了索引，MySQL无须任何扫描，即准确可找到该记录。相反，MySQL会扫描所有记录，即要查询10000条记录。</p><p>索引分单列索引和组合索引。单列索引，即一个索引只包含单个列，一个表可以有多个单列索引，但这不是组合索引。组合索引，即一个索包含多个列。</p><p>MySQL索引类型包括：</p><p><strong>（1）普通索引</strong></p><p>这是最基本的索引，它没有任何限制。它有以下几种创建方式：</p><ul class=\" list-paddingleft-2\" style=\"list-style-type: disc;\"><li><p>创建索引</p></li></ul><pre class=\"brush:as3;toolbar:false\">CREATE&nbsp;INDEX&nbsp;indexName&nbsp;ON&nbsp;mytable(username(length));</pre><p>如果是CHAR，VARCHAR类型，length可以小于字段实际长度；如果是BLOB和TEXT类型，必须指定 length，下同。</p><ul class=\" list-paddingleft-2\" style=\"list-style-type: disc;\"><li><p>修改表结构</p></li></ul><pre class=\"brush:as3;toolbar:false\">ALTER&nbsp;mytable&nbsp;ADD&nbsp;INDEX&nbsp;[indexName]&nbsp;ON&nbsp;(username(length))&nbsp;&nbsp;//创建表的时候直接指定\r\nCREATE&nbsp;TABLE&nbsp;mytable(\r\nID&nbsp;INT&nbsp;NOT&nbsp;NULL,\r\nusername&nbsp;VARCHAR(16)&nbsp;NOT&nbsp;NULL,\r\nINDEX&nbsp;[indexName]&nbsp;(username(length))\r\n);&nbsp;&nbsp;//删除索引的语法：\r\nDROP&nbsp;INDEX&nbsp;[indexName]&nbsp;ON&nbsp;mytable;</pre><p><strong>（2）唯一索引</strong></p><p>它与前面的普通索引类似，不同的就是：索引列的值必须唯一，但允许有空值。如果是组合索引，则列值的组合必须唯一。它有以下几种创建方式：</p><ul class=\" list-paddingleft-2\" style=\"list-style-type: disc;\"><li><p>创建索引</p></li></ul><pre class=\"brush:as3;toolbar:false\">CREATE&nbsp;UNIQUE&nbsp;INDEX&nbsp;indexName&nbsp;ON&nbsp;mytable(username(length))&nbsp;&nbsp;&nbsp;&nbsp;&nbsp;//修改表结构\r\nALTER&nbsp;mytable&nbsp;ADD&nbsp;UNIQUE&nbsp;[indexName]&nbsp;ON&nbsp;(username(length))&nbsp;&nbsp;&nbsp;&nbsp;&nbsp;//创建表的时候直接指定\r\nCREATE&nbsp;TABLE&nbsp;mytable(\r\nID&nbsp;INT&nbsp;NOT&nbsp;NULL,\r\nusername&nbsp;VARCHAR(16)&nbsp;NOT&nbsp;NULL,\r\nUNIQUE&nbsp;[indexName]&nbsp;(username(length))\r\n&nbsp;);</pre><p><strong>（3）主键索引</strong></p><p>它是一种特殊的唯一索引，不允许有空值。一般是在建表的时候同时创建主键索引：</p><pre class=\"brush:as3;toolbar:false\">CREATE&nbsp;TABLE&nbsp;mytable(\r\nID&nbsp;INT&nbsp;NOT&nbsp;NULL,\r\nusername&nbsp;VARCHAR(16)&nbsp;NOT&nbsp;NULL,\r\nPRIMARY&nbsp;KEY(ID)\r\n);</pre><p>当然也可以用 ALTER 命令。记住：一个表只能有一个主键。<br/></p><p><strong>（4）组合索引</strong></p><p>为了形象地对比单列索引和组合索引，为表添加多个字段：</p><p>CREATE TABLE mytable(&nbsp;&nbsp; ID INT NOT NULL,&nbsp;&nbsp;&nbsp; username VARCHAR(16) NOT NULL,&nbsp;&nbsp; city VARCHAR(50) NOT NULL,&nbsp;&nbsp; age INT NOT NULL&nbsp; );&nbsp; 为了进一步榨取MySQL的效率，就要考虑建立组合索引。就是将 name, city, age建到一个索引里：</p><p>ALTER TABLE mytable ADD INDEX name_city_age (name(10),city,age); 建表时，usernname长度为 16，这里用 10。这是因为一般情况下名字的长度不会超过10，这样会加速索引查询速度，还会减少索引文件的大小，提高INSERT的更新速度。</p><p>如果分别在 usernname，city，age上建立单列索引，让该表有3个单列索引，查询时和上述的组合索引效率也会大不一样，远远低于我们的组合索引。虽然此时有了三个索引，但MySQL只能用到其中的那个它认为似乎是最有效率的单列索引。</p><p>建立这样的组合索引，其实是相当于分别建立了下面三组组合索引：</p><p>usernname,city,age&nbsp;&nbsp; usernname,city&nbsp;&nbsp; usernname&nbsp; 为什么没有 city，age这样的组合索引呢？这是因为MySQL组合索引“最左前缀”的结果。简单的理解就是只从最左面的开始组合。并不是只要包含这三列的查询都会用到该组合索引，下面的几个SQL就会用到这个组合索引：</p><p>SELECT * FROM mytable WHREE username=&quot;admin&quot; AND city=&quot;郑州&quot;&nbsp; SELECT * FROM mytable WHREE username=&quot;admin&quot; 而下面几个则不会用到：</p><p>SELECT * FROM mytable WHREE age=20 AND city=&quot;郑州&quot;&nbsp; SELECT * FROM mytable WHREE city=&quot;郑州&quot;</p><p><strong>（5）建立索引的时机</strong></p><p>到这里我们已经学会了建立索引，那么我们需要在什么情况下建立索引呢？一般来说，在WHERE和JOIN中出现的列需要建立索引，但也不完全如此，因为MySQL只对&lt;，</p><p>SELECT t.Name&nbsp; FROM mytable t LEFT JOIN mytable m&nbsp;&nbsp;&nbsp; ON t.Name=m.username WHERE m.age=20 AND m.city=&#39;郑州&#39; 此时就需要对city和age建立索引，由于mytable表的userame也出现在了JOIN子句中，也有对它建立索引的必要。</p><p>刚才提到只有某些时候的LIKE才需建立索引。因为在以通配符%和_开头作查询时，MySQL不会使用索引。例如下句会使用索引：</p><p>SELECT * FROM mytable WHERE username like&#39;admin%&#39; 而下句就不会使用：</p><p>SELECT * FROM mytable WHEREt Name like&#39;%admin&#39; 因此，在使用LIKE时应注意以上的区别。</p><p><strong>（6）索引的不足之处</strong></p><p>上面都在说使用索引的好处，但过多的使用索引将会造成滥用。因此索引也会有它的缺点：</p><p>◆虽然索引大大提高了查询速度，同时却会降低更新表的速度，如对表进行INSERT、UPDATE和DELETE。因为更新表时，MySQL不仅要保存数据，还要保存一下索引文件。</p><p>◆建立索引会占用磁盘空间的索引文件。一般情况这个问题不太严重，但如果你在一个大表上创建了多种组合索引，索引文件的会膨胀很快。</p><p>索引只是提高效率的一个因素，如果你的MySQL有大数据量的表，就需要花时间研究建立最优秀的索引，或优化查询语句。</p><p><strong>（7）使用索引的注意事项</strong></p><p>使用索引时，有以下一些技巧和注意事项：</p><p>◆索引不会包含有NULL值的列</p><p>只要列中包含有NULL值都将不会被包含在索引中，复合索引中只要有一列含有NULL值，那么这一列对于此复合索引就是无效的。所以我们在数据库设计时不要让字段的默认值为NULL。</p><p>◆使用短索引</p><p>对串列进行索引，如果可能应该指定一个前缀长度。例如，如果有一个CHAR(255)的列，如果在前10个或20个字符内，多数值是惟一的，那么就不要对整个列进行索引。短索引不仅可以提高查询速度而且可以节省磁盘空间和I/O操作。</p><p>◆索引列排序</p><p>MySQL查询只使用一个索引，因此如果where子句中已经使用了索引的话，那么order by中的列是不会使用索引的。因此数据库默认排序可以符合要求的情况下不要使用排序操作；尽量不要包含多个列的排序，如果需要最好给这些列创建复合索引。</p><p>◆like语句操作</p><p>一般情况下不鼓励使用like操作，如果非使用不可，如何使用也是一个问题。like “%aaa%” 不会使用索引而like “aaa%”可以使用索引。</p><p>◆不要在列上进行运算</p><p>select * from users where YEAR(adddate)&lt;2007; 将在每个行上进行运算，这将导致索引失效而进行全表扫描，因此我们可以改成</p><p>select * from users where adddate&lt;‘2007-01-01’;&nbsp;</p><p>◆不使用NOT IN和&lt;&gt;操作</p><p>以上，就对其中MySQL索引类型进行了介绍。</p>','网络','admin',1,0,0,'1523086675',502,0,'127.0.0.1'),(52,11,'OSX 每天自动获取 Bing 壁纸','自从换了 mac 之后，直观的感觉是桌面变的更空旷了（本来我就不喜欢在桌面放东西）。所以，壁纸成了装点桌面的唯一工具。正好 Bing 的背景图片每天都会换一张，并且几乎每张图片都让人感觉非常大气，所以就萌生了用 Bing 图片做壁纸的想法（话说让我知道 Bing 每天都会换背景图，还是因为之前做 Kratos 的时候有小伙伴提出网页的背景图能不能调用 Bing 的接口 。我先看了一下 Apple Store 里面有没有这种 App，果不其然还真有','/uploads/20180412\\db5160ccde642cb70457120822262fd8.jpg','<p><span style=\"color: rgb(74, 74, 74); font-family: Gotham-Book, -apple-system, BlinkMacSystemFont, &quot;Segoe UI&quot;, Roboto, Ubuntu, &quot;Helvetica Neue&quot;, Helvetica, Arial, &quot;PingFang SC&quot;, &quot;Hiragino Sans GB&quot;, &quot;Microsoft Yahei UI&quot;, &quot;Microsoft Yahei&quot;, &quot;Source Han Sans CN&quot;, sans-serif; white-space: pre-line; background-color: rgb(255, 255, 255);\">自从换了 mac 之后，直观的感觉是桌面变的更空旷了（本来我就不喜欢在桌面放东西）。所以，壁纸成了装点桌面的唯一工具。正好 Bing 的背景图片每天都会换一张，并且几乎每张图片都让人感觉非常大气，所以就萌生了用 Bing 图片做壁纸的想法（话说让我知道 Bing 每天都会换背景图，还是因为之前做 Kratos 的时候有小伙伴提出网页的背景图能不能调用 Bing 的接口 </span><img src=\"https://www.vtrois.com/wp-content/themes/volcano/static/images/smilies/lol.png\" alt=\":lol:\" class=\"wp-smiley\" width=\"50\" height=\"50\" title=\":lol:\"/><span style=\"color: rgb(74, 74, 74); font-family: Gotham-Book, -apple-system, BlinkMacSystemFont, &quot;Segoe UI&quot;, Roboto, Ubuntu, &quot;Helvetica Neue&quot;, Helvetica, Arial, &quot;PingFang SC&quot;, &quot;Hiragino Sans GB&quot;, &quot;Microsoft Yahei UI&quot;, &quot;Microsoft Yahei&quot;, &quot;Source Han Sans CN&quot;, sans-serif; white-space: pre-line; background-color: rgb(255, 255, 255);\"> ）。我先看了一下 Apple Store 里面有没有这种 App，果不其然还真有，但是这价格的话，emmmmm 算了还是自己整吧。</span></p><p><span style=\"color: rgb(74, 74, 74); font-family: Gotham-Book, -apple-system, BlinkMacSystemFont, &quot;Segoe UI&quot;, Roboto, Ubuntu, &quot;Helvetica Neue&quot;, Helvetica, Arial, &quot;PingFang SC&quot;, &quot;Hiragino Sans GB&quot;, &quot;Microsoft Yahei UI&quot;, &quot;Microsoft Yahei&quot;, &quot;Source Han Sans CN&quot;, sans-serif; white-space: pre-line; background-color: rgb(255, 255, 255);\"></span></p><h2 class=\"h2\">利弊分析</h2><p><span style=\"color: rgb(74, 74, 74); font-family: Gotham-Book, -apple-system, BlinkMacSystemFont, &quot;Segoe UI&quot;, Roboto, Ubuntu, &quot;Helvetica Neue&quot;, Helvetica, Arial, &quot;PingFang SC&quot;, &quot;Hiragino Sans GB&quot;, &quot;Microsoft Yahei UI&quot;, &quot;Microsoft Yahei&quot;, &quot;Source Han Sans CN&quot;, sans-serif; white-space: pre-line; background-color: rgb(255, 255, 255);\"></span></p><p style=\"box-sizing: border-box; margin-top: 0px; margin-bottom: 1rem; white-space: pre-line; line-height: 1.875rem; color: rgb(74, 74, 74); font-family: Gotham-Book, -apple-system, BlinkMacSystemFont, &quot;Segoe UI&quot;, Roboto, Ubuntu, &quot;Helvetica Neue&quot;, Helvetica, Arial, &quot;PingFang SC&quot;, &quot;Hiragino Sans GB&quot;, &quot;Microsoft Yahei UI&quot;, &quot;Microsoft Yahei&quot;, &quot;Source Han Sans CN&quot;, sans-serif; background-color: rgb(255, 255, 255);\">Bing 的图片有 4 种像素，分别是 1920x1200、1920x1080、800x480、400x240，而 mac 可以支持到 2880 x 1800，所以在视觉上看着壁纸不是非常的清晰的（系统自带的壁纸是 5120 × 3684）。</p><p style=\"box-sizing: border-box; margin-top: 0px; margin-bottom: 1rem; white-space: pre-line; line-height: 1.875rem; color: rgb(74, 74, 74); font-family: Gotham-Book, -apple-system, BlinkMacSystemFont, &quot;Segoe UI&quot;, Roboto, Ubuntu, &quot;Helvetica Neue&quot;, Helvetica, Arial, &quot;PingFang SC&quot;, &quot;Hiragino Sans GB&quot;, &quot;Microsoft Yahei UI&quot;, &quot;Microsoft Yahei&quot;, &quot;Source Han Sans CN&quot;, sans-serif; background-color: rgb(255, 255, 255);\">这里制作的自动化脚本是每次开机启动的，如果一天开机好几次的话，脚本会自带检测是否已经下载过图片，从而不会重复下载。</p><h2 class=\"h2\">战前准备</h2><ul style=\"list-style-type: square;\" class=\" list-paddingleft-2\"><li><p>MAC 中自带的 Automator</p></li><li><p><a href=\"https://github.com/thejandroman/bing-wallpaper\" target=\"_blank\" style=\"box-sizing: border-box; color: rgb(0, 162, 255); text-decoration-line: none; background-color: transparent;\">bing-wallpaper</a>&nbsp;脚本</p></li><li><p>充满智慧的大脑&nbsp;<img src=\"https://www.vtrois.com/wp-content/themes/volcano/static/images/smilies/razz.png\" alt=\":razz:\" class=\"wp-smiley\" width=\"50\" height=\"50\" title=\":razz:\"/></p></li></ul><h2 class=\"h2\">战斗开始</h2><p><span style=\"color: rgb(74, 74, 74); font-family: Gotham-Book, -apple-system, BlinkMacSystemFont, &quot;Segoe UI&quot;, Roboto, Ubuntu, &quot;Helvetica Neue&quot;, Helvetica, Arial, &quot;PingFang SC&quot;, &quot;Hiragino Sans GB&quot;, &quot;Microsoft Yahei UI&quot;, &quot;Microsoft Yahei&quot;, &quot;Source Han Sans CN&quot;, sans-serif; white-space: pre-line; background-color: rgb(255, 255, 255);\">1、首先我们知道 Bing 图片是有一个接口的，也就是 https://cn.bing.com/HPImageArchive.aspx?format=js&amp;n=1 ，他的主要内容如下，这里我们需要的是第 7 行 </span><code style=\"box-sizing: border-box; font-family: SFMono-Regular, Menlo, Monaco, Consolas, &quot;Liberation Mono&quot;, &quot;Courier New&quot;, monospace; font-size: 14.4px; color: rgb(51, 51, 51); word-break: inherit; margin: 0px 0.1875rem; padding: 0.125rem 0.25rem; border-radius: 0.25rem; background-color: rgb(239, 240, 241); white-space: pre-line;\">url</code><span style=\"color: rgb(74, 74, 74); font-family: Gotham-Book, -apple-system, BlinkMacSystemFont, &quot;Segoe UI&quot;, Roboto, Ubuntu, &quot;Helvetica Neue&quot;, Helvetica, Arial, &quot;PingFang SC&quot;, &quot;Hiragino Sans GB&quot;, &quot;Microsoft Yahei UI&quot;, &quot;Microsoft Yahei&quot;, &quot;Source Han Sans CN&quot;, sans-serif; white-space: pre-line; background-color: rgb(255, 255, 255);\">，也就是图片的地址，所以在脚本中只要拉这个 </span><code style=\"box-sizing: border-box; font-family: SFMono-Regular, Menlo, Monaco, Consolas, &quot;Liberation Mono&quot;, &quot;Courier New&quot;, monospace; font-size: 14.4px; color: rgb(51, 51, 51); word-break: inherit; margin: 0px 0.1875rem; padding: 0.125rem 0.25rem; border-radius: 0.25rem; background-color: rgb(239, 240, 241); white-space: pre-line;\">url</code><span style=\"color: rgb(74, 74, 74); font-family: Gotham-Book, -apple-system, BlinkMacSystemFont, &quot;Segoe UI&quot;, Roboto, Ubuntu, &quot;Helvetica Neue&quot;, Helvetica, Arial, &quot;PingFang SC&quot;, &quot;Hiragino Sans GB&quot;, &quot;Microsoft Yahei UI&quot;, &quot;Microsoft Yahei&quot;, &quot;Source Han Sans CN&quot;, sans-serif; white-space: pre-line; background-color: rgb(255, 255, 255);\"> 地址即可实现需求。</span></p><pre class=\"brush:as3;toolbar:false\">{\r\n&nbsp;&nbsp;images:&nbsp;[\r\n	&nbsp;&nbsp;{\r\n		startdate:&nbsp;&quot;20180315&quot;,\r\n		fullstartdate:&nbsp;&quot;201803151600&quot;,\r\n		enddate:&nbsp;&quot;20180316&quot;,\r\n		url:&nbsp;&quot;/az/hprichbg/rb/WolongPanda_ZH-CN10957042976_1920x1080.jpg&quot;,\r\n		urlbase:&nbsp;&quot;/az/hprichbg/rb/WolongPanda_ZH-CN10957042976&quot;,\r\n		copyright:&nbsp;&quot;卧龙国家级自然保护区的大熊猫，中国四川&nbsp;(©&nbsp;Lynn&nbsp;M.&nbsp;Stone/Minden&nbsp;Pictures)&quot;,\r\n		copyrightlink:&nbsp;&quot;http://www.bing.com/search?q=%E5%A4%A7%E7%86%8A%E7%8C%AB&amp;form=hpcapt&amp;mkt=zh-cn&quot;,\r\n		quiz:&nbsp;&quot;/search?q=Bing+homepage+quiz&amp;filters=WQOskey:%22HPQuiz_20180315_WolongPanda%22&amp;FORM=HPQUIZ&quot;,\r\n		wp:&nbsp;false,\r\n		hsh:&nbsp;&quot;6fa3921773323a6e7f0f45447e548f91&quot;,\r\n		drk:&nbsp;1,\r\n		top:&nbsp;1,\r\n		bot:&nbsp;1,\r\n		hs:&nbsp;[&nbsp;]\r\n		}\r\n	],\r\n&nbsp;&nbsp;tooltips:&nbsp;{\r\n		loading:&nbsp;&quot;正在加载...&quot;,\r\n		previous:&nbsp;&quot;上一个图像&quot;,\r\n		next:&nbsp;&quot;下一个图像&quot;,\r\n		walle:&nbsp;&quot;此图片不能下载用作壁纸。&quot;,\r\n		walls:&nbsp;&quot;下载今日美图。仅限用作桌面壁纸。&quot;\r\n	}\r\n}</pre><p><span style=\"color: rgb(74, 74, 74); font-family: Gotham-Book, -apple-system, BlinkMacSystemFont, &quot;Segoe UI&quot;, Roboto, Ubuntu, &quot;Helvetica Neue&quot;, Helvetica, Arial, &quot;PingFang SC&quot;, &quot;Hiragino Sans GB&quot;, &quot;Microsoft Yahei UI&quot;, &quot;Microsoft Yahei&quot;, &quot;Source Han Sans CN&quot;, sans-serif; white-space: pre-line; background-color: rgb(255, 255, 255);\"></span><span style=\"color: rgb(74, 74, 74); font-family: Gotham-Book, -apple-system, BlinkMacSystemFont, &quot;Segoe UI&quot;, Roboto, Ubuntu, &quot;Helvetica Neue&quot;, Helvetica, Arial, &quot;PingFang SC&quot;, &quot;Hiragino Sans GB&quot;, &quot;Microsoft Yahei UI&quot;, &quot;Microsoft Yahei&quot;, &quot;Source Han Sans CN&quot;, sans-serif; white-space: pre-line; background-color: rgb(255, 255, 255);\">2、bing-wallpaper 是一个可以从 Bing 下载当天最新图片并将其保存到目录的脚本。</span></p><pre class=\"brush:as3;toolbar:false\">#!/usr/bin/env&nbsp;bash\r\n#&nbsp;shellcheck&nbsp;disable=SC1117\r\n&nbsp;\r\nreadonly&nbsp;SCRIPT=$(basename&nbsp;&quot;$0&quot;)\r\nreadonly&nbsp;VERSION=&#39;0.4.0&#39;\r\nreadonly&nbsp;RESOLUTIONS=(1920x1200&nbsp;1920x1080&nbsp;800x480&nbsp;400x240)\r\n&nbsp;\r\nusage()&nbsp;{\r\ncat&nbsp;&lt;&lt;EOF\r\nUsage:\r\n&nbsp;&nbsp;$SCRIPT&nbsp;[options]\r\n&nbsp;&nbsp;$SCRIPT&nbsp;-h&nbsp;|&nbsp;--help\r\n&nbsp;&nbsp;$SCRIPT&nbsp;--version\r\nOptions:\r\n&nbsp;&nbsp;-f&nbsp;--force&nbsp;&nbsp;&nbsp;&nbsp;&nbsp;&nbsp;&nbsp;&nbsp;&nbsp;&nbsp;&nbsp;&nbsp;&nbsp;&nbsp;&nbsp;&nbsp;&nbsp;&nbsp;&nbsp;&nbsp;&nbsp;Force&nbsp;download&nbsp;of&nbsp;picture.&nbsp;This&nbsp;will&nbsp;overwrite\r\n&nbsp;&nbsp;&nbsp;&nbsp;&nbsp;&nbsp;&nbsp;&nbsp;&nbsp;&nbsp;&nbsp;&nbsp;&nbsp;&nbsp;&nbsp;&nbsp;&nbsp;&nbsp;&nbsp;&nbsp;&nbsp;&nbsp;&nbsp;&nbsp;&nbsp;&nbsp;&nbsp;&nbsp;&nbsp;&nbsp;&nbsp;&nbsp;&nbsp;the&nbsp;picture&nbsp;if&nbsp;the&nbsp;filename&nbsp;already&nbsp;exists.\r\n&nbsp;&nbsp;-s&nbsp;--ssl&nbsp;&nbsp;&nbsp;&nbsp;&nbsp;&nbsp;&nbsp;&nbsp;&nbsp;&nbsp;&nbsp;&nbsp;&nbsp;&nbsp;&nbsp;&nbsp;&nbsp;&nbsp;&nbsp;&nbsp;&nbsp;&nbsp;&nbsp;Communicate&nbsp;with&nbsp;bing.com&nbsp;over&nbsp;SSL.\r\n&nbsp;&nbsp;-q&nbsp;--quiet&nbsp;&nbsp;&nbsp;&nbsp;&nbsp;&nbsp;&nbsp;&nbsp;&nbsp;&nbsp;&nbsp;&nbsp;&nbsp;&nbsp;&nbsp;&nbsp;&nbsp;&nbsp;&nbsp;&nbsp;&nbsp;Do&nbsp;not&nbsp;display&nbsp;log&nbsp;messages.\r\n&nbsp;&nbsp;-n&nbsp;--filename&nbsp;&lt;file&nbsp;name&gt;&nbsp;&nbsp;&nbsp;&nbsp;&nbsp;&nbsp;The&nbsp;name&nbsp;of&nbsp;the&nbsp;downloaded&nbsp;picture.&nbsp;Defaults&nbsp;to\r\n&nbsp;&nbsp;&nbsp;&nbsp;&nbsp;&nbsp;&nbsp;&nbsp;&nbsp;&nbsp;&nbsp;&nbsp;&nbsp;&nbsp;&nbsp;&nbsp;&nbsp;&nbsp;&nbsp;&nbsp;&nbsp;&nbsp;&nbsp;&nbsp;&nbsp;&nbsp;&nbsp;&nbsp;&nbsp;&nbsp;&nbsp;&nbsp;&nbsp;the&nbsp;upstream&nbsp;name.\r\n&nbsp;&nbsp;-p&nbsp;--picturedir&nbsp;&lt;picture&nbsp;dir&gt;&nbsp;&nbsp;The&nbsp;full&nbsp;path&nbsp;to&nbsp;the&nbsp;picture&nbsp;download&nbsp;dir.\r\n&nbsp;&nbsp;&nbsp;&nbsp;&nbsp;&nbsp;&nbsp;&nbsp;&nbsp;&nbsp;&nbsp;&nbsp;&nbsp;&nbsp;&nbsp;&nbsp;&nbsp;&nbsp;&nbsp;&nbsp;&nbsp;&nbsp;&nbsp;&nbsp;&nbsp;&nbsp;&nbsp;&nbsp;&nbsp;&nbsp;&nbsp;&nbsp;&nbsp;Will&nbsp;be&nbsp;created&nbsp;if&nbsp;it&nbsp;does&nbsp;not&nbsp;exist.\r\n&nbsp;&nbsp;&nbsp;&nbsp;&nbsp;&nbsp;&nbsp;&nbsp;&nbsp;&nbsp;&nbsp;&nbsp;&nbsp;&nbsp;&nbsp;&nbsp;&nbsp;&nbsp;&nbsp;&nbsp;&nbsp;&nbsp;&nbsp;&nbsp;&nbsp;&nbsp;&nbsp;&nbsp;&nbsp;&nbsp;&nbsp;&nbsp;&nbsp;[default:&nbsp;$HOME/Pictures/bing-wallpapers/]\r\n&nbsp;&nbsp;-r&nbsp;--resolution&nbsp;&lt;resolution&gt;&nbsp;&nbsp;&nbsp;The&nbsp;resolution&nbsp;of&nbsp;the&nbsp;image&nbsp;to&nbsp;retrieve.\r\n&nbsp;&nbsp;&nbsp;&nbsp;&nbsp;&nbsp;&nbsp;&nbsp;&nbsp;&nbsp;&nbsp;&nbsp;&nbsp;&nbsp;&nbsp;&nbsp;&nbsp;&nbsp;&nbsp;&nbsp;&nbsp;&nbsp;&nbsp;&nbsp;&nbsp;&nbsp;&nbsp;&nbsp;&nbsp;&nbsp;&nbsp;&nbsp;&nbsp;Supported&nbsp;resolutions:&nbsp;${RESOLUTIONS[*]}\r\n&nbsp;&nbsp;-w&nbsp;--set-wallpaper&nbsp;&nbsp;&nbsp;&nbsp;&nbsp;&nbsp;&nbsp;&nbsp;&nbsp;&nbsp;&nbsp;&nbsp;&nbsp;Set&nbsp;downloaded&nbsp;picture&nbsp;as&nbsp;wallpaper&nbsp;(Only&nbsp;mac&nbsp;support&nbsp;for&nbsp;now).\r\n&nbsp;&nbsp;-h&nbsp;--help&nbsp;&nbsp;&nbsp;&nbsp;&nbsp;&nbsp;&nbsp;&nbsp;&nbsp;&nbsp;&nbsp;&nbsp;&nbsp;&nbsp;&nbsp;&nbsp;&nbsp;&nbsp;&nbsp;&nbsp;&nbsp;&nbsp;Show&nbsp;this&nbsp;screen.\r\n&nbsp;&nbsp;--version&nbsp;&nbsp;&nbsp;&nbsp;&nbsp;&nbsp;&nbsp;&nbsp;&nbsp;&nbsp;&nbsp;&nbsp;&nbsp;&nbsp;&nbsp;&nbsp;&nbsp;&nbsp;&nbsp;&nbsp;&nbsp;&nbsp;Show&nbsp;version.\r\nEOF\r\n}\r\n&nbsp;\r\nprint_message()&nbsp;{\r\n&nbsp;&nbsp;&nbsp;&nbsp;if&nbsp;[&nbsp;!&nbsp;&quot;$QUIET&quot;&nbsp;];&nbsp;then\r\n&nbsp;&nbsp;&nbsp;&nbsp;&nbsp;&nbsp;&nbsp;&nbsp;printf&nbsp;&quot;%s\\n&quot;&nbsp;&quot;${1}&quot;\r\n&nbsp;&nbsp;&nbsp;&nbsp;fi\r\n}\r\n&nbsp;\r\n#&nbsp;Defaults\r\nPICTURE_DIR=&quot;$HOME/Pictures/bing-wallpapers/&quot;\r\nRESOLUTION=&quot;1920x1080&quot;\r\n&nbsp;\r\n#&nbsp;Option&nbsp;parsing\r\nwhile&nbsp;[[&nbsp;$#&nbsp;-gt&nbsp;0&nbsp;]];&nbsp;do\r\n&nbsp;&nbsp;&nbsp;&nbsp;key=&quot;$1&quot;\r\n&nbsp;\r\n&nbsp;&nbsp;&nbsp;&nbsp;case&nbsp;$key&nbsp;in\r\n&nbsp;&nbsp;&nbsp;&nbsp;&nbsp;&nbsp;&nbsp;&nbsp;-r|--resolution)\r\n&nbsp;&nbsp;&nbsp;&nbsp;&nbsp;&nbsp;&nbsp;&nbsp;&nbsp;&nbsp;&nbsp;&nbsp;RESOLUTION=&quot;$2&quot;\r\n&nbsp;&nbsp;&nbsp;&nbsp;&nbsp;&nbsp;&nbsp;&nbsp;&nbsp;&nbsp;&nbsp;&nbsp;shift\r\n&nbsp;&nbsp;&nbsp;&nbsp;&nbsp;&nbsp;&nbsp;&nbsp;&nbsp;&nbsp;&nbsp;&nbsp;;;\r\n&nbsp;&nbsp;&nbsp;&nbsp;&nbsp;&nbsp;&nbsp;&nbsp;-p|--picturedir)\r\n&nbsp;&nbsp;&nbsp;&nbsp;&nbsp;&nbsp;&nbsp;&nbsp;&nbsp;&nbsp;&nbsp;&nbsp;PICTURE_DIR=&quot;$2&quot;\r\n&nbsp;&nbsp;&nbsp;&nbsp;&nbsp;&nbsp;&nbsp;&nbsp;&nbsp;&nbsp;&nbsp;&nbsp;shift\r\n&nbsp;&nbsp;&nbsp;&nbsp;&nbsp;&nbsp;&nbsp;&nbsp;&nbsp;&nbsp;&nbsp;&nbsp;;;\r\n&nbsp;&nbsp;&nbsp;&nbsp;&nbsp;&nbsp;&nbsp;&nbsp;-n|--filename)\r\n&nbsp;&nbsp;&nbsp;&nbsp;&nbsp;&nbsp;&nbsp;&nbsp;&nbsp;&nbsp;&nbsp;&nbsp;FILENAME=&quot;$2&quot;\r\n&nbsp;&nbsp;&nbsp;&nbsp;&nbsp;&nbsp;&nbsp;&nbsp;&nbsp;&nbsp;&nbsp;&nbsp;shift\r\n&nbsp;&nbsp;&nbsp;&nbsp;&nbsp;&nbsp;&nbsp;&nbsp;&nbsp;&nbsp;&nbsp;&nbsp;;;\r\n&nbsp;&nbsp;&nbsp;&nbsp;&nbsp;&nbsp;&nbsp;&nbsp;-f|--force)\r\n&nbsp;&nbsp;&nbsp;&nbsp;&nbsp;&nbsp;&nbsp;&nbsp;&nbsp;&nbsp;&nbsp;&nbsp;FORCE=true\r\n&nbsp;&nbsp;&nbsp;&nbsp;&nbsp;&nbsp;&nbsp;&nbsp;&nbsp;&nbsp;&nbsp;&nbsp;;;\r\n&nbsp;&nbsp;&nbsp;&nbsp;&nbsp;&nbsp;&nbsp;&nbsp;-s|--ssl)\r\n&nbsp;&nbsp;&nbsp;&nbsp;&nbsp;&nbsp;&nbsp;&nbsp;&nbsp;&nbsp;&nbsp;&nbsp;SSL=true\r\n&nbsp;&nbsp;&nbsp;&nbsp;&nbsp;&nbsp;&nbsp;&nbsp;&nbsp;&nbsp;&nbsp;&nbsp;;;\r\n&nbsp;&nbsp;&nbsp;&nbsp;&nbsp;&nbsp;&nbsp;&nbsp;-q|--quiet)\r\n&nbsp;&nbsp;&nbsp;&nbsp;&nbsp;&nbsp;&nbsp;&nbsp;&nbsp;&nbsp;&nbsp;&nbsp;QUIET=true\r\n&nbsp;&nbsp;&nbsp;&nbsp;&nbsp;&nbsp;&nbsp;&nbsp;&nbsp;&nbsp;&nbsp;&nbsp;;;\r\n&nbsp;&nbsp;&nbsp;&nbsp;&nbsp;&nbsp;&nbsp;&nbsp;-h|--help)\r\n&nbsp;&nbsp;&nbsp;&nbsp;&nbsp;&nbsp;&nbsp;&nbsp;&nbsp;&nbsp;&nbsp;&nbsp;usage\r\n&nbsp;&nbsp;&nbsp;&nbsp;&nbsp;&nbsp;&nbsp;&nbsp;&nbsp;&nbsp;&nbsp;&nbsp;exit&nbsp;0\r\n&nbsp;&nbsp;&nbsp;&nbsp;&nbsp;&nbsp;&nbsp;&nbsp;&nbsp;&nbsp;&nbsp;&nbsp;;;\r\n&nbsp;&nbsp;&nbsp;&nbsp;&nbsp;&nbsp;&nbsp;&nbsp;-w|--set-wallpaper)\r\n&nbsp;&nbsp;&nbsp;&nbsp;&nbsp;&nbsp;&nbsp;&nbsp;&nbsp;&nbsp;&nbsp;&nbsp;SET_WALLPAPER=true\r\n&nbsp;&nbsp;&nbsp;&nbsp;&nbsp;&nbsp;&nbsp;&nbsp;&nbsp;&nbsp;&nbsp;&nbsp;;;\r\n&nbsp;&nbsp;&nbsp;&nbsp;&nbsp;&nbsp;&nbsp;&nbsp;--version)\r\n&nbsp;&nbsp;&nbsp;&nbsp;&nbsp;&nbsp;&nbsp;&nbsp;&nbsp;&nbsp;&nbsp;&nbsp;printf&nbsp;&quot;%s\\n&quot;&nbsp;$VERSION\r\n&nbsp;&nbsp;&nbsp;&nbsp;&nbsp;&nbsp;&nbsp;&nbsp;&nbsp;&nbsp;&nbsp;&nbsp;exit&nbsp;0\r\n&nbsp;&nbsp;&nbsp;&nbsp;&nbsp;&nbsp;&nbsp;&nbsp;&nbsp;&nbsp;&nbsp;&nbsp;;;\r\n&nbsp;&nbsp;&nbsp;&nbsp;&nbsp;&nbsp;&nbsp;&nbsp;*)\r\n&nbsp;&nbsp;&nbsp;&nbsp;&nbsp;&nbsp;&nbsp;&nbsp;&nbsp;&nbsp;&nbsp;&nbsp;(&gt;&amp;2&nbsp;printf&nbsp;&quot;Unknown&nbsp;parameter:&nbsp;%s\\n&quot;&nbsp;&quot;$1&quot;)\r\n&nbsp;&nbsp;&nbsp;&nbsp;&nbsp;&nbsp;&nbsp;&nbsp;&nbsp;&nbsp;&nbsp;&nbsp;usage\r\n&nbsp;&nbsp;&nbsp;&nbsp;&nbsp;&nbsp;&nbsp;&nbsp;&nbsp;&nbsp;&nbsp;&nbsp;exit&nbsp;1\r\n&nbsp;&nbsp;&nbsp;&nbsp;&nbsp;&nbsp;&nbsp;&nbsp;&nbsp;&nbsp;&nbsp;&nbsp;;;\r\n&nbsp;&nbsp;&nbsp;&nbsp;esac\r\n&nbsp;&nbsp;&nbsp;&nbsp;shift\r\ndone\r\n&nbsp;\r\n#&nbsp;Set&nbsp;options\r\n[&nbsp;$QUIET&nbsp;]&nbsp;&amp;&amp;&nbsp;CURL_QUIET=&#39;-s&#39;\r\n[&nbsp;$SSL&nbsp;]&nbsp;&nbsp;&nbsp;&amp;&amp;&nbsp;PROTO=&#39;https&#39;&nbsp;&nbsp;&nbsp;||&nbsp;PROTO=&#39;http&#39;\r\n&nbsp;\r\n#&nbsp;Create&nbsp;picture&nbsp;directory&nbsp;if&nbsp;it&nbsp;doesn&#39;t&nbsp;already&nbsp;exist\r\nmkdir&nbsp;-p&nbsp;&quot;${PICTURE_DIR}&quot;\r\n&nbsp;\r\n#&nbsp;Parse&nbsp;bing.com&nbsp;and&nbsp;acquire&nbsp;picture&nbsp;URL(s)\r\nread&nbsp;-ra&nbsp;urls&nbsp;&lt;&nbsp;&lt;(curl&nbsp;-sL&nbsp;$PROTO://www.bing.com&nbsp;|&nbsp;\\\r\n&nbsp;&nbsp;&nbsp;&nbsp;grep&nbsp;-Eo&nbsp;&quot;url:&#39;.*?&#39;&quot;&nbsp;|&nbsp;\\\r\n&nbsp;&nbsp;&nbsp;&nbsp;sed&nbsp;-e&nbsp;&quot;s/url:&#39;\\([^&#39;]*\\)&#39;.*/$PROTO:\\/\\/bing.com\\1/&quot;&nbsp;|&nbsp;\\\r\n&nbsp;&nbsp;&nbsp;&nbsp;sed&nbsp;-e&nbsp;&quot;s/\\\\\\//g&quot;&nbsp;|&nbsp;\\\r\n&nbsp;&nbsp;&nbsp;&nbsp;sed&nbsp;-e&nbsp;&quot;s/\\([[:digit:]]*x[[:digit:]]*\\)/$RESOLUTION/&quot;)\r\n&nbsp;\r\nfor&nbsp;p&nbsp;in&nbsp;&quot;${urls[@]}&quot;;&nbsp;do\r\n&nbsp;&nbsp;&nbsp;&nbsp;if&nbsp;[&nbsp;-z&nbsp;&quot;$FILENAME&quot;&nbsp;];&nbsp;then\r\n&nbsp;&nbsp;&nbsp;&nbsp;&nbsp;&nbsp;&nbsp;&nbsp;filename=$(echo&nbsp;&quot;$p&quot;|sed&nbsp;-e&nbsp;&quot;s/.*\\/\\(.*\\)/\\1/&quot;)\r\n&nbsp;&nbsp;&nbsp;&nbsp;else\r\n&nbsp;&nbsp;&nbsp;&nbsp;&nbsp;&nbsp;&nbsp;&nbsp;filename=&quot;$FILENAME&quot;\r\n&nbsp;&nbsp;&nbsp;&nbsp;fi\r\n&nbsp;&nbsp;&nbsp;&nbsp;if&nbsp;[&nbsp;$FORCE&nbsp;]&nbsp;||&nbsp;[&nbsp;!&nbsp;-f&nbsp;&quot;$PICTURE_DIR/$filename&quot;&nbsp;];&nbsp;then\r\n&nbsp;&nbsp;&nbsp;&nbsp;&nbsp;&nbsp;&nbsp;&nbsp;print_message&nbsp;&quot;Downloading:&nbsp;$filename...&quot;\r\n&nbsp;&nbsp;&nbsp;&nbsp;&nbsp;&nbsp;&nbsp;&nbsp;curl&nbsp;$CURL_QUIET&nbsp;-Lo&nbsp;&quot;$PICTURE_DIR/$filename&quot;&nbsp;&quot;$p&quot;\r\n&nbsp;&nbsp;&nbsp;&nbsp;else\r\n&nbsp;&nbsp;&nbsp;&nbsp;&nbsp;&nbsp;&nbsp;&nbsp;print_message&nbsp;&quot;Skipping:&nbsp;$filename...&quot;\r\n&nbsp;&nbsp;&nbsp;&nbsp;fi\r\ndone\r\n&nbsp;\r\nif&nbsp;[&nbsp;$SET_WALLPAPER&nbsp;];&nbsp;then\r\n&nbsp;&nbsp;&nbsp;&nbsp;/usr/bin/osascript&lt;&lt;END\r\ntell&nbsp;application&nbsp;&quot;System&nbsp;Events&quot;&nbsp;to&nbsp;set&nbsp;picture&nbsp;of&nbsp;every&nbsp;desktop&nbsp;to&nbsp;(&quot;$PICTURE_DIR/$filename&quot;&nbsp;as&nbsp;POSIX&nbsp;file&nbsp;as&nbsp;alias)\r\nEND\r\nfi</pre><p><span style=\"color: rgb(74, 74, 74); font-family: Gotham-Book, -apple-system, BlinkMacSystemFont, &quot;Segoe UI&quot;, Roboto, Ubuntu, &quot;Helvetica Neue&quot;, Helvetica, Arial, &quot;PingFang SC&quot;, &quot;Hiragino Sans GB&quot;, &quot;Microsoft Yahei UI&quot;, &quot;Microsoft Yahei&quot;, &quot;Source Han Sans CN&quot;, sans-serif; white-space: pre-line; background-color: rgb(255, 255, 255);\"><span style=\"color: rgb(74, 74, 74); font-family: Gotham-Book, -apple-system, BlinkMacSystemFont, &quot;Segoe UI&quot;, Roboto, Ubuntu, &quot;Helvetica Neue&quot;, Helvetica, Arial, &quot;PingFang SC&quot;, &quot;Hiragino Sans GB&quot;, &quot;Microsoft Yahei UI&quot;, &quot;Microsoft Yahei&quot;, &quot;Source Han Sans CN&quot;, sans-serif; white-space: pre-line; background-color: rgb(255, 255, 255);\">3、在脚本的第 39-40 行，是设置图片的保存位置以及图片的像素。这里默认的是最高像素，保存的位置为 </span><code style=\"box-sizing: border-box; font-family: SFMono-Regular, Menlo, Monaco, Consolas, &quot;Liberation Mono&quot;, &quot;Courier New&quot;, monospace; font-size: 14.4px; color: rgb(51, 51, 51); word-break: inherit; margin: 0px 0.1875rem; padding: 0.125rem 0.25rem; border-radius: 0.25rem; background-color: rgb(239, 240, 241); white-space: pre-line;\">/Pictures/bing-wallpapers/</code><span style=\"color: rgb(74, 74, 74); font-family: Gotham-Book, -apple-system, BlinkMacSystemFont, &quot;Segoe UI&quot;, Roboto, Ubuntu, &quot;Helvetica Neue&quot;, Helvetica, Arial, &quot;PingFang SC&quot;, &quot;Hiragino Sans GB&quot;, &quot;Microsoft Yahei UI&quot;, &quot;Microsoft Yahei&quot;, &quot;Source Han Sans CN&quot;, sans-serif; white-space: pre-line; background-color: rgb(255, 255, 255);\"> 这个文件夹中，下图是这段时间我电脑里拉到的一些图片。</span></span><br/></p><p><span style=\"color: rgb(74, 74, 74); font-family: Gotham-Book, -apple-system, BlinkMacSystemFont, &quot;Segoe UI&quot;, Roboto, Ubuntu, &quot;Helvetica Neue&quot;, Helvetica, Arial, &quot;PingFang SC&quot;, &quot;Hiragino Sans GB&quot;, &quot;Microsoft Yahei UI&quot;, &quot;Microsoft Yahei&quot;, &quot;Source Han Sans CN&quot;, sans-serif; white-space: pre-line; background-color: rgb(255, 255, 255);\"><img src=\"https://www.vtrois.com/wp-content/uploads/bing-wallpaper-1.png\" width=\"700\" height=\"427\" title=\"\" alt=\"\"/></span></p><p><span style=\"color: rgb(74, 74, 74); font-family: Gotham-Book, -apple-system, BlinkMacSystemFont, &quot;Segoe UI&quot;, Roboto, Ubuntu, &quot;Helvetica Neue&quot;, Helvetica, Arial, &quot;PingFang SC&quot;, &quot;Hiragino Sans GB&quot;, &quot;Microsoft Yahei UI&quot;, &quot;Microsoft Yahei&quot;, &quot;Source Han Sans CN&quot;, sans-serif; white-space: pre-line; background-color: rgb(255, 255, 255);\"><span style=\"color: rgb(74, 74, 74); font-family: Gotham-Book, -apple-system, BlinkMacSystemFont, &quot;Segoe UI&quot;, Roboto, Ubuntu, &quot;Helvetica Neue&quot;, Helvetica, Arial, &quot;PingFang SC&quot;, &quot;Hiragino Sans GB&quot;, &quot;Microsoft Yahei UI&quot;, &quot;Microsoft Yahei&quot;, &quot;Source Han Sans CN&quot;, sans-serif; white-space: pre-line; background-color: rgb(255, 255, 255);\">4、将修改好的脚本添加到 Automator 的工作流程中，左边选择“运行 Shell 脚本”</span></span></p><p><span style=\"color: rgb(74, 74, 74); font-family: Gotham-Book, -apple-system, BlinkMacSystemFont, &quot;Segoe UI&quot;, Roboto, Ubuntu, &quot;Helvetica Neue&quot;, Helvetica, Arial, &quot;PingFang SC&quot;, &quot;Hiragino Sans GB&quot;, &quot;Microsoft Yahei UI&quot;, &quot;Microsoft Yahei&quot;, &quot;Source Han Sans CN&quot;, sans-serif; white-space: pre-line; background-color: rgb(255, 255, 255);\"><span style=\"color: rgb(74, 74, 74); font-family: Gotham-Book, -apple-system, BlinkMacSystemFont, &quot;Segoe UI&quot;, Roboto, Ubuntu, &quot;Helvetica Neue&quot;, Helvetica, Arial, &quot;PingFang SC&quot;, &quot;Hiragino Sans GB&quot;, &quot;Microsoft Yahei UI&quot;, &quot;Microsoft Yahei&quot;, &quot;Source Han Sans CN&quot;, sans-serif; white-space: pre-line; background-color: rgb(255, 255, 255);\"><img src=\"https://www.vtrois.com/wp-content/uploads/bing-wallpaper-2.png\" width=\"700\"/></span></span></p><p><span style=\"color: rgb(74, 74, 74); font-family: Gotham-Book, -apple-system, BlinkMacSystemFont, &quot;Segoe UI&quot;, Roboto, Ubuntu, &quot;Helvetica Neue&quot;, Helvetica, Arial, &quot;PingFang SC&quot;, &quot;Hiragino Sans GB&quot;, &quot;Microsoft Yahei UI&quot;, &quot;Microsoft Yahei&quot;, &quot;Source Han Sans CN&quot;, sans-serif; white-space: pre-line; background-color: rgb(255, 255, 255);\"><span style=\"color: rgb(74, 74, 74); font-family: Gotham-Book, -apple-system, BlinkMacSystemFont, &quot;Segoe UI&quot;, Roboto, Ubuntu, &quot;Helvetica Neue&quot;, Helvetica, Arial, &quot;PingFang SC&quot;, &quot;Hiragino Sans GB&quot;, &quot;Microsoft Yahei UI&quot;, &quot;Microsoft Yahei&quot;, &quot;Source Han Sans CN&quot;, sans-serif; white-space: pre-line; background-color: rgb(255, 255, 255);\"><span style=\"color: rgb(74, 74, 74); font-family: Gotham-Book, -apple-system, BlinkMacSystemFont, &quot;Segoe UI&quot;, Roboto, Ubuntu, &quot;Helvetica Neue&quot;, Helvetica, Arial, &quot;PingFang SC&quot;, &quot;Hiragino Sans GB&quot;, &quot;Microsoft Yahei UI&quot;, &quot;Microsoft Yahei&quot;, &quot;Source Han Sans CN&quot;, sans-serif; white-space: pre-line; background-color: rgb(255, 255, 255);\">5、将保存好的工作流程添加到“登录项”中，从而实现开机自动运行</span></span></span></p><p><span style=\"color: rgb(74, 74, 74); font-family: Gotham-Book, -apple-system, BlinkMacSystemFont, &quot;Segoe UI&quot;, Roboto, Ubuntu, &quot;Helvetica Neue&quot;, Helvetica, Arial, &quot;PingFang SC&quot;, &quot;Hiragino Sans GB&quot;, &quot;Microsoft Yahei UI&quot;, &quot;Microsoft Yahei&quot;, &quot;Source Han Sans CN&quot;, sans-serif; white-space: pre-line; background-color: rgb(255, 255, 255);\"><img src=\"https://www.vtrois.com/wp-content/uploads/bing-wallpaper-3.png\" width=\"699\" height=\"537\" title=\"\" alt=\"\"/></span></p><p><span style=\"color: rgb(74, 74, 74); font-family: Gotham-Book, -apple-system, BlinkMacSystemFont, &quot;Segoe UI&quot;, Roboto, Ubuntu, &quot;Helvetica Neue&quot;, Helvetica, Arial, &quot;PingFang SC&quot;, &quot;Hiragino Sans GB&quot;, &quot;Microsoft Yahei UI&quot;, &quot;Microsoft Yahei&quot;, &quot;Source Han Sans CN&quot;, sans-serif; white-space: pre-line; background-color: rgb(255, 255, 255);\"><span style=\"color: rgb(74, 74, 74); font-family: Gotham-Book, -apple-system, BlinkMacSystemFont, &quot;Segoe UI&quot;, Roboto, Ubuntu, &quot;Helvetica Neue&quot;, Helvetica, Arial, &quot;PingFang SC&quot;, &quot;Hiragino Sans GB&quot;, &quot;Microsoft Yahei UI&quot;, &quot;Microsoft Yahei&quot;, &quot;Source Han Sans CN&quot;, sans-serif; white-space: pre-line; background-color: rgb(255, 255, 255);\">6、最后，我们设置桌面背景，添加壁纸所在的文件夹，然后再勾选更改图片的频率为每天</span></span></p><p><span style=\"color: rgb(74, 74, 74); font-family: Gotham-Book, -apple-system, BlinkMacSystemFont, &quot;Segoe UI&quot;, Roboto, Ubuntu, &quot;Helvetica Neue&quot;, Helvetica, Arial, &quot;PingFang SC&quot;, &quot;Hiragino Sans GB&quot;, &quot;Microsoft Yahei UI&quot;, &quot;Microsoft Yahei&quot;, &quot;Source Han Sans CN&quot;, sans-serif; white-space: pre-line; background-color: rgb(255, 255, 255);\"><span style=\"color: rgb(74, 74, 74); font-family: Gotham-Book, -apple-system, BlinkMacSystemFont, &quot;Segoe UI&quot;, Roboto, Ubuntu, &quot;Helvetica Neue&quot;, Helvetica, Arial, &quot;PingFang SC&quot;, &quot;Hiragino Sans GB&quot;, &quot;Microsoft Yahei UI&quot;, &quot;Microsoft Yahei&quot;, &quot;Source Han Sans CN&quot;, sans-serif; white-space: pre-line; background-color: rgb(255, 255, 255);\"><img src=\"https://www.vtrois.com/wp-content/uploads/bing-wallpaper-4.png\" width=\"700\"/></span></span></p>','','网络',1,0,0,'1523518461',511,0,'127.0.0.1'),(50,10,'做了个在线音乐播放器','偶然见到网易云音乐的API文件，闲际无聊间，做了个线音乐播放器。因为我的本地计算机删了IE,一直用chrome再者IE对H5支持不是很好，所以兼容性没考虑IE……','/uploads/20180416\\8d2e89cdc8a99279312b641c738306a6.jpg','<p>偶然见到网易云音乐的API文件，闲际无聊间，做了个线音乐播放器因为在网上闲逛。</p><p>因为我的本地计算机删了IE,一直用chrome再者IE对H5支持不是很好，所以兼容性没考虑IE先来看看几张效果图</p><p><img src=\"/uploads/20170711/1499774853431595.png\" title=\"1499774853431595.png\" alt=\"1499774853431595.png\" width=\"800\" height=\"411\"/></p><p><img src=\"/uploads/20170711/1499775103757379.png\" title=\"1499775103757379.png\" width=\"800\" height=\"410\" alt=\"1499775103757379.png\"/></p><p><img src=\"/uploads/20170711/1499775117794086.png\" title=\"1499775117794086.png\" width=\"800\" height=\"410\" alt=\"1499775117794086.png\"/></p><p>因为本站PHP版本太低，只好移到个人网站里面去了 演示地址：<a href=\"http://y.chiqinga.com\" target=\"_self\">http://y.chiqinga.com</a>&nbsp;</p><p><br/></p><p>源码下载：<a href=\"http://pan.baidu.com/s/1o8wSsFC\" target=\"_self\">http://pan.baidu.com/s/1o8wSsFC</a></p><p><br/></p><p>51,只有166KB源文件很小。&gt;</p><p>PS</p><p><br/></p><p>1.因为网易云音乐的API经常有时候卡顿（打开他官网。不知是一个人的原因，还是大家都会卡。)&gt;2.本播放器不支持IE浏览器不支持IE浏览器、不支持IE重要的事说三遍3.因为是第一版本，所以还没写移动端，暂时不支持移动端。4.目前还有些BUG.比方，有时歌词同步会出现偶尔性BUG5.由于其音乐资源来自于网易云音乐，其相应的音乐版权归网易云音乐所有！请支持正版。本音乐播放器只是学习交流，不做任何商业用途。6.因为版权问题，源码请勿做商业用途，并于24小时内删除！</p><p>谢谢配合</p>','音乐播放器,API','王赤清',0,0,0,'1499775448',644,0,''),(51,10,'Ubuntu 改造高仿 Mac OX界面','说实话，已经很久没有写博了，正好近期整了次ubuntu，于是打算记录下来，以备喜欢的小伙伴们参考……','/uploads/20180416\\4672fd68eb2adeb75eb6d4da718e46e8.jpg','<p>&nbsp;&nbsp;&nbsp;&nbsp;说实话，已经很久没有写博了，正好近期整了次ubuntu，于是打算记录下来，以备喜欢的小伙伴们参考：</p><p>&nbsp;&nbsp;&nbsp;&nbsp;啦……啦……啦……下面先放出一张整好的效果图出来：</p><p>&nbsp;&nbsp;&nbsp;&nbsp;</p><p><img src=\"/uploads/20170830/1504063035403785.png\" title=\"1504063035403785.png\" alt=\"1504063035403785.png\" width=\"649\" height=\"365\"/></p><p>&nbsp;&nbsp;&nbsp;&nbsp;上图就是桌面效果图了，下面跟着我一步步操作吧<br/></p><p>&nbsp;&nbsp;&nbsp;&nbsp;第一步，当然是去找壁纸了，先找张自己喜欢的壁纸，这是我从网上搜寻到的壁纸包<br/></p><p>&nbsp;&nbsp;&nbsp;&nbsp;http://drive.noobslab.com/data/Mac-13.10/MBuntu-Wallpapers.zip</p><p>&nbsp;&nbsp;&nbsp;&nbsp;这里面有很多mac系例壁纸，大家可以下载下来解压看看，找张自己喜欢的，设置为壁纸，在桌面右键—&gt;更改桌面背景，就可以设置壁纸了，跟win系统差不多吧！<br/></p><p>&nbsp;&nbsp;&nbsp;&nbsp;&nbsp;接下来，就是第二步了，就是安装主题MacBuntu-OS-X</p><p>&nbsp;&nbsp;&nbsp;&nbsp;打开终端（ctrl+alt+t)在终端输入以下命令<br/></p><pre class=\"brush:as3;toolbar:false\">sudo&nbsp;add-apt-repository&nbsp;ppa:noobslab/macbuntu\r\nsudo&nbsp;apt-get&nbsp;update\r\nsudo&nbsp;apt-get&nbsp;install&nbsp;macbuntu-os-icons-lts-v7\r\nsudo&nbsp;apt-get&nbsp;install&nbsp;macbuntu-os-ithemes-lts-v7</pre><p>&nbsp;&nbsp;&nbsp;&nbsp;安装Plank Dock</p><pre class=\"brush:as3;toolbar:false\">sudo&nbsp;apt-get&nbsp;install&nbsp;plank</pre><p>&nbsp;&nbsp;&nbsp;&nbsp;安装好了plank Dock后，我们按下窗口键/win键，搜索plank点击启动，这时，我们桌面底部就出现了Dock栏</p><p>&nbsp;&nbsp;&nbsp;&nbsp;接下来，我们开始安装Tweak tool用来启动我们的主题和图标哈～</p><pre class=\"brush:as3;toolbar:false\">sudo&nbsp;apt-get&nbsp;install&nbsp;unity-tweak-tool\r\nsudo&nbsp;apt-get&nbsp;install&nbsp;gnome-tweak-tool</pre><p>&nbsp;&nbsp;&nbsp;&nbsp;安装好了后，我们就启动Tweak tool，选择我们前面安装好的主题和图标，如图示</p><p>&nbsp;&nbsp;&nbsp;&nbsp;<img src=\"/uploads/20170830/1504066568599265.png\" title=\"1504066568599265.png\" alt=\"1504066568599265.png\"/></p><p>&nbsp;&nbsp;&nbsp;&nbsp;选择好了我们的主题和图标，别忘记还有开机启动程序，我们要添加Plank，这样我们就不用每次开机都去手动开启Pank</p><p>&nbsp;&nbsp;&nbsp;&nbsp;现在，我们来修改桌面左上角的“Ubuntu桌面”字样<br/></p><pre class=\"brush:as3;toolbar:false\">cd&nbsp;&amp;&amp;&nbsp;wget&nbsp;-O&nbsp;Mac.po&nbsp;http://drive.noobslab.com/data/Mac/change-name-on-panel/mac.po\r\ncd&nbsp;/usr/share/locale/en/LC_MESSAGES;&nbsp;sudo&nbsp;msgfmt&nbsp;-o&nbsp;unity.mo&nbsp;~/Mac.po;rm&nbsp;~/Mac.po;cd</pre><p>&nbsp;&nbsp;&nbsp;&nbsp;这里有二点要说明一下，第一，如果你是系统是英文版的，这样改没事，但如果你是中文版，命令 ~/en/~ 这个文件代表的是英文，你要改成中文，中文是zh_CN，也就是说第二行命令要改成</p><pre class=\"brush:as3;toolbar:false\">cd&nbsp;/usr/share/locale/zh_cn/LC_MESSAGES;&nbsp;sudo&nbsp;……（略）</pre><p>&nbsp;&nbsp;&nbsp;&nbsp;第二点是，你执行了以上命令，要重启一次，才会生效。<br/></p><p>&nbsp;&nbsp;&nbsp;&nbsp;下面，我们替换启动器图标<br/></p><p>&nbsp;&nbsp;&nbsp;&nbsp;<img src=\"http://img.blog.csdn.net/20161222181451387?watermark/2/text/aHR0cDovL2Jsb2cuY3Nkbi5uZXQvU3Vuc2hpbmVfaW5fTW9vbg==/font/5a6L5L2T/fontsize/400/fill/I0JBQkFCMA==/dissolve/70/gravity/Center\"/></p><p>&nbsp;&nbsp;&nbsp;&nbsp;对，就是这个果标<br/></p><pre class=\"brush:as3;toolbar:false\">wget&nbsp;-O&nbsp;launcher_bfb.png&nbsp;http://drive.noobslab.com/data/Mac/launcher-logo/apple/launcher_bfb.png\r\nsudo&nbsp;mv&nbsp;launcher_bfb.png&nbsp;/usr/share/unity/icons/</pre><p>&nbsp;&nbsp;&nbsp;&nbsp;这样就差不多了，我们再把左侧启动器隐藏，这个在系统设置里面<br/></p><p><img src=\"/uploads/20170830/1504070364584009.png\" title=\"1504070364584009.png\" alt=\"1504070364584009.png\" width=\"650\" height=\"435\"/></p><p>&nbsp;&nbsp;&nbsp;&nbsp;ok,就这样了，别再整了，网上有说修改登录启动界面，千万要谨慎，三思……，想当初我也整了登录和启动界面，然后，你懂的，用了几次，没过多久开不了机了，卡在启动那里，没反应了，不得不重新安装系统，建议不安装……，当然，你技术自信，就当我没说过……</p><p><br/></p>','ubuntu','清蝎子',0,0,0,'1504070776',632,0,'');
/*!40000 ALTER TABLE `article` ENABLE KEYS */;
UNLOCK TABLES;

--
-- Table structure for table `auth_group`
--

DROP TABLE IF EXISTS `auth_group`;
/*!40101 SET @saved_cs_client     = @@character_set_client */;
/*!40101 SET character_set_client = utf8 */;
CREATE TABLE `auth_group` (
  `id` mediumint(8) unsigned NOT NULL AUTO_INCREMENT,
  `title` char(100) NOT NULL DEFAULT '',
  `status` tinyint(1) NOT NULL DEFAULT '1',
  `rules` varchar(255) NOT NULL DEFAULT '',
  `describe` varchar(20) NOT NULL COMMENT '角色描述',
  PRIMARY KEY (`id`)
) ENGINE=MyISAM AUTO_INCREMENT=8 DEFAULT CHARSET=utf8;
/*!40101 SET character_set_client = @saved_cs_client */;

--
-- Dumping data for table `auth_group`
--

LOCK TABLES `auth_group` WRITE;
/*!40000 ALTER TABLE `auth_group` DISABLE KEYS */;
INSERT INTO `auth_group` VALUES (1,'超级管理员',1,'1,2,3,4,5,9,11,6,7,8,10,12,13,14,15,16,18,19,53,17,20,21,22,23,24,25,26,27,28,29,30,31,32,33,34,35,37,38,39,40,41,42,43,44,45,46,47,48,49,50,51,52','网站总管理'),(2,'访客',1,'1,2,3,5,6,12,13,14,15,17,23,27,28,30,33,37,38,39,40,41,43,44,48','受权限所控制'),(3,'测试',1,'1,2,3,5,6,12,13,14,15,17','测试专用'),(4,'管理员',1,'','网站管理员');
/*!40000 ALTER TABLE `auth_group` ENABLE KEYS */;
UNLOCK TABLES;

--
-- Table structure for table `auth_group_access`
--

DROP TABLE IF EXISTS `auth_group_access`;
/*!40101 SET @saved_cs_client     = @@character_set_client */;
/*!40101 SET character_set_client = utf8 */;
CREATE TABLE `auth_group_access` (
  `uid` mediumint(8) unsigned NOT NULL,
  `group_id` mediumint(8) unsigned NOT NULL,
  UNIQUE KEY `uid_group_id` (`uid`,`group_id`),
  KEY `uid` (`uid`),
  KEY `group_id` (`group_id`)
) ENGINE=MyISAM DEFAULT CHARSET=utf8;
/*!40101 SET character_set_client = @saved_cs_client */;

--
-- Dumping data for table `auth_group_access`
--

LOCK TABLES `auth_group_access` WRITE;
/*!40000 ALTER TABLE `auth_group_access` DISABLE KEYS */;
INSERT INTO `auth_group_access` VALUES (1,1),(2,2),(3,4),(5,3);
/*!40000 ALTER TABLE `auth_group_access` ENABLE KEYS */;
UNLOCK TABLES;

--
-- Table structure for table `auth_rule`
--

DROP TABLE IF EXISTS `auth_rule`;
/*!40101 SET @saved_cs_client     = @@character_set_client */;
/*!40101 SET character_set_client = utf8 */;
CREATE TABLE `auth_rule` (
  `id` mediumint(8) unsigned NOT NULL AUTO_INCREMENT,
  `pid` int(11) NOT NULL COMMENT '父节点',
  `name` char(80) NOT NULL DEFAULT '',
  `title` char(20) NOT NULL DEFAULT '',
  `type` tinyint(1) NOT NULL DEFAULT '1',
  `status` tinyint(1) NOT NULL DEFAULT '1',
  `condition` char(100) NOT NULL DEFAULT '',
  `time` varchar(10) NOT NULL COMMENT '创建时间',
  `sort` smallint(16) NOT NULL COMMENT '排序',
  PRIMARY KEY (`id`)
) ENGINE=MyISAM AUTO_INCREMENT=54 DEFAULT CHARSET=utf8;
/*!40101 SET character_set_client = @saved_cs_client */;

--
-- Dumping data for table `auth_rule`
--

LOCK TABLES `auth_rule` WRITE;
/*!40000 ALTER TABLE `auth_rule` DISABLE KEYS */;
INSERT INTO `auth_rule` VALUES (1,0,'admin/index/index','后台首页',1,1,'','1517238266',100),(2,0,'#','系统',1,1,'','1517238897',100),(3,2,'admin/config/index','网站信息',1,1,'','1517239316',100),(4,3,'admin/config/save','网站信息更新',1,1,'','1517241147',100),(5,2,'admin/mail/index','邮件设置',1,1,'','1517241909',100),(6,2,'admin/link/index','友情链接',1,1,'','1517242030',100),(7,6,'admin/link/add','添加友链',1,1,'','1517242205',100),(8,6,'admin/link/save','友链更新',1,1,'','1517242296',100),(9,5,'admin/mail/save','邮箱配置更新',1,1,'','1517243906',100),(10,6,'admin/Link/del/','删除友链',1,1,'','1517244154',100),(11,5,'admin/mail/sendemail','邮件发送测试',1,1,'','1517244344',100),(12,2,'admin/userlog/index','登录日志',1,1,'','1517244424',100),(13,2,'admin/index/cache_clear','清除缓存',1,1,'','1517244483',100),(14,0,'#','权限管理',1,1,'','1517244885',100),(15,14,'admin/user/index','管理员列表',1,1,'','1517244951',100),(16,15,'admin/user/add','添加用户',1,1,'','1517244998',100),(17,14,'admin/group/index','角色管理',1,1,'','1517245082',100),(18,15,'admin/user/save','编辑用户',1,1,'','1517495983',100),(19,15,'admin/user/del','删除用户',1,1,'','1517496029',100),(20,17,'admin/group/add','添加角色',1,1,'','1517496125',100),(21,17,'admin/group/save','权限分配',1,1,'','1517496196',100),(22,17,'admin/group/del','删除角色',1,1,'','1517496273',100),(23,14,'admin/rule/index','权限节点',1,1,'','1517572467',100),(24,23,'admin/rule/add','添加节点',1,1,'','1517572538',100),(25,23,'admin/rule/save','编辑节点',1,1,'','1517584535',100),(26,23,'admin/rule/del','删除节点',1,1,'','1517586789',100),(27,0,'#','文章管理',1,1,'','1517587400',100),(28,27,'admin/article/index','文章列表',1,1,'','1517587496',100),(29,28,'admin/article/add','新增文章',1,1,'','1517587780',100),(30,28,'admin/article/preview','文章预览',1,1,'','1517588131',100),(31,28,'admin/article/save','文章编辑',1,1,'','1517588349',100),(32,28,'admin/article/del','文章删除',1,1,'','1517588414',100),(33,27,'admin/category/index','文章栏目',1,1,'','1517589084',100),(34,33,'admin/Category/add','添加栏目',1,1,'','1517589227',100),(35,33,'admin/category/save','编辑栏目',1,1,'','1517651652',100),(36,33,'admin/category/del','删除栏目',1,1,'','1517651775',100),(37,0,'#','评论管理',1,1,'','1517678102',100),(38,37,'admin/feedback/index','评论列表',1,1,'','1517678181',100),(39,38,'admin/feedback/add','评论/反馈',1,1,'','1517678301',100),(40,38,'admin/feedback/preview','查看评论',1,1,'','1517678364',100),(41,38,'admin/feedback/reply','回复评论',1,1,'','1517679992',100),(42,38,'admin/feedback/del','删除评论',1,1,'','1517680054',100),(43,0,'#','数据库',1,1,'','1517733405',100),(44,43,'admin/database/index','数据库列表',1,1,'','1517733433',100),(45,44,'admin/database/backup','数据备份',1,1,'','1517735852',100),(46,44,'admin/database/optimize','表优化',1,1,'','1517748645',100),(47,44,'admin/database/repair','修复表',1,1,'','1517748709',100),(48,43,'admin/database/reduction','备份列表',1,1,'','1517752028',100),(49,48,'admin/database/dowonload','备份下载',1,1,'','1517755121',100),(50,48,'admin/database/restore','数据还原',1,1,'','1517755207',100),(51,48,'admin/database/delete','删除备份',1,1,'','1517755247',100),(52,43,'admin/database/query','SQL执行',1,1,'','1517755299',100),(53,15,'admin/user/upload','用户头像',1,1,'','1522757530',100);
/*!40000 ALTER TABLE `auth_rule` ENABLE KEYS */;
UNLOCK TABLES;

--
-- Table structure for table `category`
--

DROP TABLE IF EXISTS `category`;
/*!40101 SET @saved_cs_client     = @@character_set_client */;
/*!40101 SET character_set_client = utf8 */;
CREATE TABLE `category` (
  `id` int(10) NOT NULL AUTO_INCREMENT,
  `name` varchar(30) NOT NULL COMMENT '栏目名称',
  `dirs` varchar(30) DEFAULT NULL COMMENT '导航',
  `isshow` tinyint(1) NOT NULL COMMENT '0显示,1不显示',
  `pid` int(10) DEFAULT NULL,
  `sort` smallint(16) NOT NULL DEFAULT '100' COMMENT '排序',
  `time` varchar(10) NOT NULL COMMENT '创建时间',
  PRIMARY KEY (`id`)
) ENGINE=MyISAM AUTO_INCREMENT=19 DEFAULT CHARSET=utf8;
/*!40101 SET character_set_client = @saved_cs_client */;

--
-- Dumping data for table `category`
--

LOCK TABLES `category` WRITE;
/*!40000 ALTER TABLE `category` DISABLE KEYS */;
INSERT INTO `category` VALUES (8,'分类','',0,0,100,'1517143320'),(3,'留言','fk',0,0,100,'1517141879'),(4,'关于我','auth',0,0,100,'1517141930'),(16,'Mysql','mysql',0,9,100,'1517652531'),(9,'学习笔记','xuexi',0,8,100,'1517143345'),(10,'兴趣爱好','',0,8,100,'1517143376'),(11,'杂项','',0,8,100,'1517143410'),(17,'PHP','PHP',0,9,100,'1517652986'),(18,'javascript','javascript',0,9,100,'1523857794');
/*!40000 ALTER TABLE `category` ENABLE KEYS */;
UNLOCK TABLES;

--
-- Table structure for table `config`
--

DROP TABLE IF EXISTS `config`;
/*!40101 SET @saved_cs_client     = @@character_set_client */;
/*!40101 SET character_set_client = utf8 */;
CREATE TABLE `config` (
  `id` int(10) NOT NULL AUTO_INCREMENT,
  `k` varchar(50) NOT NULL COMMENT '',
  `key` varchar(50) NOT NULL COMMENT 'key键值',
  `v` text NOT NULL COMMENT 'ֵ',
  `type` varchar(30) NOT NULL COMMENT '',
  `desribes` varchar(30) NOT NULL COMMENT '',
  PRIMARY KEY (`id`)
) ENGINE=MyISAM AUTO_INCREMENT=11 DEFAULT CHARSET=utf8;
/*!40101 SET character_set_client = @saved_cs_client */;

--
-- Dumping data for table `config`
--

LOCK TABLES `config` WRITE;
/*!40000 ALTER TABLE `config` DISABLE KEYS */;
INSERT INTO `config` VALUES (1,'网站域名（如：http://www.google.com）,后面不带斜线','SiteaUrl','http://localhost/','system','网站地址'),(2,'网站标题','SiteaName','清蝎子','system','网站名称'),(3,'网站Logo,最佳尺寸200*90','SiteaLogo','/uploads/20180130/7cfed4903cc0629139443af7cc04606c.jpg','system','网站Logo'),(4,'网站关键词，便于SEO','MetaKeywords','个人博客','system','网站关键词'),(5,'网站搜索引擎描述','MetaDescription','记录生活生趣','system','网站描述'),(6,'设置在网站底部显示的备案号，如：\"苏ICP备15189103号 - 1\"','RecordNo','苏ICP备 2018000001号 -1','system','网站备案号'),(7,'设置在网站底部显示的版权信息','MetaCopyright','Copyright &copy; 2015 - ','system','版权信息'),(8,'站长QQ，方便与网站浏览者交流学习','QQ','3201587032','system','站长QQ'),(9,'网站公告，网站醒目位置对外公告','Affiche','公告：本系统为chiqing v3.0.01 C 基础版……','system','网站公告');
/*!40000 ALTER TABLE `config` ENABLE KEYS */;
UNLOCK TABLES;

--
-- Table structure for table `feedback`
--

DROP TABLE IF EXISTS `feedback`;
/*!40101 SET @saved_cs_client     = @@character_set_client */;
/*!40101 SET character_set_client = utf8 */;
CREATE TABLE `feedback` (
  `id` int(10) NOT NULL AUTO_INCREMENT,
  `uid` int(10) NOT NULL COMMENT '用户ID',
  `name` varchar(50) NOT NULL COMMENT '用户呢称',
  `md_id` tinyint(1) NOT NULL DEFAULT '0' COMMENT '所属分类ID,0 反馈, 1 评论',
  `fid` int(11) NOT NULL DEFAULT '0' COMMENT '所属分章id,  如果是反馈，则为0',
  `cid` int(11) NOT NULL DEFAULT '0' COMMENT '回复ID对象',
  `item` varchar(255) NOT NULL COMMENT '用户头像',
  `title` varchar(30) NOT NULL COMMENT '主题',
  `email` varchar(50) NOT NULL COMMENT '邮箱',
  `content` text NOT NULL COMMENT '反馈内容或评论内容',
  `time` varchar(10) NOT NULL COMMENT '提交时间',
  `ip` varchar(16) NOT NULL COMMENT '提交者IP',
  `status` tinyint(1) NOT NULL DEFAULT '0' COMMENT '1已读/0未读状态',
  PRIMARY KEY (`id`)
) ENGINE=MyISAM AUTO_INCREMENT=30 DEFAULT CHARSET=utf8;
/*!40101 SET character_set_client = @saved_cs_client */;

--
-- Dumping data for table `feedback`
--

LOCK TABLES `feedback` WRITE;
/*!40000 ALTER TABLE `feedback` DISABLE KEYS */;
INSERT INTO `feedback` VALUES (1,2,'test',0,0,0,'','网站管理员','','请问，源码卖吗？','1515258220','127.0.0.1',0),(2,3,'清蝎',0,0,0,'/uploads/item/bb576b16c7380509dbd33bf3c0fcd38c.jpg','今天天气不怎么好','','今天天气不怎么好，始终阴阴的天，雪也未化，座着都冷……','1515258615','127.0.0.1',0),(9,1,'admin',0,0,2,'/admin/images/user.jpg','','','是吗？我这边也很冷哦……','1517683050','127.0.0.1',0),(10,1,'admin',0,0,1,'/admin/images/user.jpg','','','您好，本系统还未完成，完成后源码将会免费发布，发布情况，请关注我们的最新动态……','1517730808','127.0.0.1',0),(11,2,'test',0,0,1,'','','','哦，好的，','1517731327','127.0.0.1',0),(12,1,'admin',0,0,1,'/admin/images/user.jpg','','','嗯，好的，谢谢你的关注，祝您愉快……','1517733127','127.0.0.1',0);
/*!40000 ALTER TABLE `feedback` ENABLE KEYS */;
UNLOCK TABLES;

--
-- Table structure for table `link`
--

DROP TABLE IF EXISTS `link`;
/*!40101 SET @saved_cs_client     = @@character_set_client */;
/*!40101 SET character_set_client = utf8 */;
CREATE TABLE `link` (
  `id` int(10) NOT NULL AUTO_INCREMENT,
  `name` varchar(255) NOT NULL COMMENT 'վ',
  `url` varchar(255) NOT NULL COMMENT 'վ',
  `email` varchar(60) NOT NULL COMMENT 'վemail',
  `logo` varchar(255) NOT NULL COMMENT 'վlogo',
  `sort` smallint(16) NOT NULL COMMENT '',
  `isshow` tinyint(1) NOT NULL COMMENT '0ʾ,1ʾ',
  PRIMARY KEY (`id`)
) ENGINE=MyISAM AUTO_INCREMENT=23 DEFAULT CHARSET=utf8;
/*!40101 SET character_set_client = @saved_cs_client */;

--
-- Dumping data for table `link`
--

LOCK TABLES `link` WRITE;
/*!40000 ALTER TABLE `link` DISABLE KEYS */;
INSERT INTO `link` VALUES (21,'笔趣阁','http://www.bquge.cc','','',100,0),(11,'慕课网','https://www.imooc.com','','',100,0);
/*!40000 ALTER TABLE `link` ENABLE KEYS */;
UNLOCK TABLES;

--
-- Table structure for table `notice`
--

DROP TABLE IF EXISTS `notice`;
/*!40101 SET @saved_cs_client     = @@character_set_client */;
/*!40101 SET character_set_client = utf8 */;
CREATE TABLE `notice` (
  `id` int(10) NOT NULL AUTO_INCREMENT,
  `nid` mediumint(8) NOT NULL COMMENT 'ŷID',
  `nimg` varchar(255) NOT NULL COMMENT 'ŷͷ',
  `uid` mediumint(8) NOT NULL COMMENT 'ŷûID',
  `source` smallint(5) NOT NULL COMMENT '֪ͨԴ, 0Ϊۣ1Ϊû',
  `content` varchar(255) NOT NULL COMMENT '',
  `isstatus` tinyint(1) NOT NULL DEFAULT '0',
  `time` varchar(10) NOT NULL COMMENT 'ʱ',
  PRIMARY KEY (`id`)
) ENGINE=MyISAM AUTO_INCREMENT=14 DEFAULT CHARSET=utf8;
/*!40101 SET character_set_client = @saved_cs_client */;

--
-- Dumping data for table `notice`
--

LOCK TABLES `notice` WRITE;
/*!40000 ALTER TABLE `notice` DISABLE KEYS */;
INSERT INTO `notice` VALUES (1,1,'/uploads/item\\e234f55a4928b9118f2eb04f66cd6ae4.jpg',1,0,'系统收到一封ID号为17的反馈信息，请管理员即时处理……',0,'1523945671'),(2,1,'/uploads/item\\e234f55a4928b9118f2eb04f66cd6ae4.jpg',1,0,'系统收到一封ID号为18的反馈信息，请管理员即时处理……',0,'1523945719'),(3,1,'/uploads/item\\e234f55a4928b9118f2eb04f66cd6ae4.jpg',1,0,'系统收到一封ID号为19的反馈信息，请管理员即时处理……',0,'1523946130'),(4,1,'/uploads/item\\e234f55a4928b9118f2eb04f66cd6ae4.jpg',1,0,'系统收到一封ID号为20的反馈信息，请管理员即时处理……',0,'1523946458'),(5,1,'/uploads/item\\e234f55a4928b9118f2eb04f66cd6ae4.jpg',1,0,'系统收到一封ID号为21的反馈信息，请管理员即时处理……',0,'1523946517'),(6,1,'/uploads/item\\e234f55a4928b9118f2eb04f66cd6ae4.jpg',1,0,'系统收到一封ID号为22的反馈信息，请管理员即时处理……',0,'1523946630'),(7,1,'/uploads/item\\e234f55a4928b9118f2eb04f66cd6ae4.jpg',1,0,'系统收到一封ID号为23的反馈信息，请管理员即时处理……',0,'1523946726'),(8,1,'/uploads/item\\e234f55a4928b9118f2eb04f66cd6ae4.jpg',1,0,'系统收到一封ID号为24的反馈信息，请管理员即时处理……',0,'1523946778'),(9,1,'/uploads/item\\e234f55a4928b9118f2eb04f66cd6ae4.jpg',1,0,'系统收到一封ID号为25的反馈信息，请管理员即时处理……',0,'1523946884'),(10,1,'/uploads/item\\e234f55a4928b9118f2eb04f66cd6ae4.jpg',1,0,'系统收到一封ID号为26的反馈信息，请管理员即时处理……',0,'1523946915'),(11,1,'/uploads/item\\e234f55a4928b9118f2eb04f66cd6ae4.jpg',1,0,'系统收到一封ID号为27的反馈信息，请管理员即时处理……',0,'1523946955'),(12,1,'/uploads/item\\e234f55a4928b9118f2eb04f66cd6ae4.jpg',1,0,'系统收到一封ID号为28的反馈信息，请管理员即时处理……',0,'1523946967'),(13,1,'/uploads/item\\e234f55a4928b9118f2eb04f66cd6ae4.jpg',1,0,'系统收到一封ID号为29的反馈信息，请管理员即时处理……',0,'1523947053');
/*!40000 ALTER TABLE `notice` ENABLE KEYS */;
UNLOCK TABLES;

--
-- Table structure for table `user`
--

DROP TABLE IF EXISTS `user`;
/*!40101 SET @saved_cs_client     = @@character_set_client */;
/*!40101 SET character_set_client = utf8 */;
CREATE TABLE `user` (
  `id` int(10) NOT NULL AUTO_INCREMENT,
  `user` varchar(60) NOT NULL COMMENT 'û',
  `user_password` varchar(38) NOT NULL,
  `user_pic` varchar(255) NOT NULL COMMENT 'ûͷ',
  `email` varchar(60) NOT NULL COMMENT 'û',
  `qq` varchar(11) NOT NULL COMMENT 'qq',
  `nickname` varchar(60) NOT NULL COMMENT 'ǳ',
  `reg_time` int(10) NOT NULL COMMENT 'עʱ',
  `login_time` int(10) NOT NULL COMMENT '¼ʱ',
  `login_ip` varchar(16) NOT NULL COMMENT '¼IP',
  `token` int(6) NOT NULL COMMENT '',
  PRIMARY KEY (`id`),
  UNIQUE KEY `user` (`user`)
) ENGINE=MyISAM AUTO_INCREMENT=58 DEFAULT CHARSET=utf8;
/*!40101 SET character_set_client = @saved_cs_client */;

--
-- Dumping data for table `user`
--

LOCK TABLES `user` WRITE;
/*!40000 ALTER TABLE `user` DISABLE KEYS */;
INSERT INTO `user` VALUES (1,'admin','6a22b2ecc73e752af5cdca9a3388b66f','/uploads/item\\e234f55a4928b9118f2eb04f66cd6ae4.jpg','','','',1514706404,1523894456,'0.0.0.0',932102),(2,'test','efb59893b6d27844f8cf3038c52ad7cf','/uploads/item/238419384a1f792221a808f935998f23.jpg','','','',1517378289,1523890395,'127.0.0.1',937759),(5,'demo','81f4f571d4e32a76fe678b0580119b19','/uploads/item/bb576b16c7380509dbd33bf3c0fcd38c.jpg','','','',1517383780,0,'127.0.0.1',204048);
/*!40000 ALTER TABLE `user` ENABLE KEYS */;
UNLOCK TABLES;

--
-- Table structure for table `user_log`
--

DROP TABLE IF EXISTS `user_log`;
/*!40101 SET @saved_cs_client     = @@character_set_client */;
/*!40101 SET character_set_client = utf8 */;
CREATE TABLE `user_log` (
  `id` int(10) NOT NULL AUTO_INCREMENT,
  `user` varchar(60) NOT NULL COMMENT 'û',
  `time` int(10) NOT NULL COMMENT '¼ʱ',
  `ip` varchar(16) NOT NULL COMMENT '¼IP',
  `location` text NOT NULL COMMENT '登录地址',
  PRIMARY KEY (`id`)
) ENGINE=MyISAM AUTO_INCREMENT=4 DEFAULT CHARSET=utf8;
/*!40101 SET character_set_client = @saved_cs_client */;

--
-- Dumping data for table `user_log`
--

LOCK TABLES `user_log` WRITE;
/*!40000 ALTER TABLE `user_log` DISABLE KEYS */;
INSERT INTO `user_log` VALUES (1,'test',1523890395,'127.0.0.1','本地测试'),(2,'admin',1523890410,'127.0.0.1','本地测试');
/*!40000 ALTER TABLE `user_log` ENABLE KEYS */;
UNLOCK TABLES;
/*!40103 SET TIME_ZONE=@OLD_TIME_ZONE */;

/*!40101 SET SQL_MODE=@OLD_SQL_MODE */;
/*!40014 SET FOREIGN_KEY_CHECKS=@OLD_FOREIGN_KEY_CHECKS */;
/*!40014 SET UNIQUE_CHECKS=@OLD_UNIQUE_CHECKS */;
/*!40101 SET CHARACTER_SET_CLIENT=@OLD_CHARACTER_SET_CLIENT */;
/*!40101 SET CHARACTER_SET_RESULTS=@OLD_CHARACTER_SET_RESULTS */;
/*!40101 SET COLLATION_CONNECTION=@OLD_COLLATION_CONNECTION */;
/*!40111 SET SQL_NOTES=@OLD_SQL_NOTES */;

-- Dump completed on 2018-04-17 18:07:41
